OHLMEX.MX	http://query.yahooapis.com/v1/public/yql?q=select%20*%20from%20yahoo.finance.historicaldata%20where%20symbol%20in%20%28%22OHLMEX.MX%22%29%20and%20startDate=%221998-01-01%22%20and%20endDate=%221998-12-31%22&diagnostics=true&env=http://datatables.org/alltables.env&format=json	{"query":{"count":0,"created":"2015-11-10T09:10:49Z","lang":"en-US","diagnostics":{"url":[{"execution-start-time":"1","execution-stop-time":"3","execution-time":"2","proxy":"DEFAULT","content":"http://datatables.org/alltables.env"},{"execution-start-time":"3","execution-stop-time":"6","execution-time":"3","proxy":"DEFAULT","content":"http://www.datatables.org/yahoo/finance/yahoo.finance.historicaldata.xml"},{"execution-start-time":"10","execution-stop-time":"22","execution-time":"12","http-status-code":"404","http-status-message":"Not Found","proxy":"DEFAULT","content":"http://ichart.finance.yahoo.com/table.csv?a=0&b=1&e=31&g=d&c=1998&d=11&f=1998&s=OHLMEX.MX"},{"execution-start-time":"24","execution-stop-time":"193","execution-time":"169","http-status-code":"404","http-status-message":"Not Found","proxy":"DEFAULT","content":"http://ichart.finance.yahoo.com/table.csv?a=0&b=1&e=31&g=d&c=1998&d=11&f=1998&s=OHLMEX.MX"}],"publiclyCallable":"true","cache":[{"execution-start-time":"9","execution-stop-time":"9","execution-time":"0","method":"GET","type":"MEMCACHED","content":"f2b3889574f2591f5b0af2bc2420a561"},{"execution-start-time":"23","execution-stop-time":"24","execution-time":"1","method":"GET","type":"MEMCACHED","content":"5b904cef3f64577a4e3b551f17015753"}],"query":[{"execution-start-time":"9","execution-stop-time":"23","execution-time":"14","params":"{url=[http://ichart.finance.yahoo.com/table.csv?a=0&b=1&e=31&g=d&c=1998&d=11&f=1998&s=OHLMEX.MX]}","content":"select * from csv(0,1) where url=@url"},{"execution-start-time":"24","execution-stop-time":"194","execution-time":"170","params":"{columnsNames=[<!doctype_html public \"-//W3C//DTD HTML 4.01//EN\" \"http://www.w3.org/TR/html4/strict.dtd\">], url=[http://ichart.finance.yahoo.com/table.csv?a=0&b=1&e=31&g=d&c=1998&d=11&f=1998&s=OHLMEX.MX]}","content":"select * from csv(2,0) where url=@url and columns=@columnsNames"}],"csv":"Column mismatch: [<!doctype_html public \"-//W3C//DTD HTML 4.01//EN\" \"http://www.w3.org/TR/html4/strict.dtd\">] vs body {font:small/1.2em arial,helvetica,clean,sans-serif;font:x-small;text-align:center;}table {font-size:inherit;font:x-small;}","javascript":{"execution-start-time":"7","execution-stop-time":"193","execution-time":"186","instructions-used":"28569","table-name":"yahoo.finance.historicaldata"},"user-time":"194","service-time":"187","build-version":"0.2.311"},"results":null}}
MEXCHEM.MX	http://query.yahooapis.com/v1/public/yql?q=select%20*%20from%20yahoo.finance.historicaldata%20where%20symbol%20in%20%28%22MEXCHEM.MX%22%29%20and%20startDate=%221998-01-01%22%20and%20endDate=%221998-12-31%22&diagnostics=true&env=http://datatables.org/alltables.env&format=json	{"query":{"count":0,"created":"2015-11-10T09:10:50Z","lang":"en-US","diagnostics":{"url":[{"execution-start-time":"0","execution-stop-time":"3","execution-time":"3","proxy":"DEFAULT","content":"http://datatables.org/alltables.env"},{"execution-start-time":"3","execution-stop-time":"5","execution-time":"2","proxy":"DEFAULT","content":"http://www.datatables.org/yahoo/finance/yahoo.finance.historicaldata.xml"},{"execution-start-time":"10","execution-stop-time":"20","execution-time":"10","http-status-code":"404","http-status-message":"Not Found","proxy":"DEFAULT","content":"http://ichart.finance.yahoo.com/table.csv?a=0&b=1&e=31&g=d&c=1998&d=11&f=1998&s=MEXCHEM.MX"},{"execution-start-time":"23","execution-stop-time":"32","execution-time":"9","http-status-code":"404","http-status-message":"Not Found","proxy":"DEFAULT","content":"http://ichart.finance.yahoo.com/table.csv?a=0&b=1&e=31&g=d&c=1998&d=11&f=1998&s=MEXCHEM.MX"}],"publiclyCallable":"true","cache":[{"execution-start-time":"9","execution-stop-time":"9","execution-time":"0","method":"GET","type":"MEMCACHED","content":"50b832afd6dd875e63a3f6e237c367f6"},{"execution-start-time":"22","execution-stop-time":"22","execution-time":"0","method":"GET","type":"MEMCACHED","content":"40ee41e1e1a08b378cf3df738ab6d63a"}],"query":[{"execution-start-time":"9","execution-stop-time":"21","execution-time":"12","params":"{url=[http://ichart.finance.yahoo.com/table.csv?a=0&b=1&e=31&g=d&c=1998&d=11&f=1998&s=MEXCHEM.MX]}","content":"select * from csv(0,1) where url=@url"},{"execution-start-time":"22","execution-stop-time":"32","execution-time":"10","params":"{columnsNames=[<!doctype_html public \"-//W3C//DTD HTML 4.01//EN\" \"http://www.w3.org/TR/html4/strict.dtd\">], url=[http://ichart.finance.yahoo.com/table.csv?a=0&b=1&e=31&g=d&c=1998&d=11&f=1998&s=MEXCHEM.MX]}","content":"select * from csv(2,0) where url=@url and columns=@columnsNames"}],"csv":"Column mismatch: [<!doctype_html public \"-//W3C//DTD HTML 4.01//EN\" \"http://www.w3.org/TR/html4/strict.dtd\">] vs body {font:small/1.2em arial,helvetica,clean,sans-serif;font:x-small;text-align:center;}table {font-size:inherit;font:x-small;}","javascript":{"execution-start-time":"7","execution-stop-time":"32","execution-time":"24","instructions-used":"28569","table-name":"yahoo.finance.historicaldata"},"user-time":"33","service-time":"24","build-version":"0.2.311"},"results":null}}
LIVEPOLC-1.MX	http://query.yahooapis.com/v1/public/yql?q=select%20*%20from%20yahoo.finance.historicaldata%20where%20symbol%20in%20%28%22LIVEPOLC-1.MX%22%29%20and%20startDate=%221998-01-01%22%20and%20endDate=%221998-12-31%22&diagnostics=true&env=http://datatables.org/alltables.env&format=json	{"query":{"count":0,"created":"2015-11-10T09:10:52Z","lang":"en-US","diagnostics":{"url":[{"execution-start-time":"0","execution-stop-time":"2","execution-time":"2","proxy":"DEFAULT","content":"http://www.datatables.org/yahoo/finance/yahoo.finance.historicaldata.xml"},{"execution-start-time":"7","execution-stop-time":"21","execution-time":"14","http-status-code":"404","http-status-message":"Not Found","proxy":"DEFAULT","content":"http://ichart.finance.yahoo.com/table.csv?a=0&b=1&e=31&g=d&c=1998&d=11&f=1998&s=LIVEPOLC-1.MX"},{"execution-start-time":"23","execution-stop-time":"116","execution-time":"93","http-status-code":"404","http-status-message":"Not Found","proxy":"DEFAULT","content":"http://ichart.finance.yahoo.com/table.csv?a=0&b=1&e=31&g=d&c=1998&d=11&f=1998&s=LIVEPOLC-1.MX"}],"publiclyCallable":"true","cache":[{"execution-start-time":"6","execution-stop-time":"6","execution-time":"0","method":"GET","type":"MEMCACHED","content":"9c6e9ebe927d97e77d47eabc53534dc8"},{"execution-start-time":"22","execution-stop-time":"22","execution-time":"0","method":"GET","type":"MEMCACHED","content":"ba36e89eca7014f1f3145bf375b7b66c"}],"query":[{"execution-start-time":"6","execution-stop-time":"22","execution-time":"16","params":"{url=[http://ichart.finance.yahoo.com/table.csv?a=0&b=1&e=31&g=d&c=1998&d=11&f=1998&s=LIVEPOLC-1.MX]}","content":"select * from csv(0,1) where url=@url"},{"execution-start-time":"22","execution-stop-time":"117","execution-time":"95","params":"{columnsNames=[<!doctype_html public \"-//W3C//DTD HTML 4.01//EN\" \"http://www.w3.org/TR/html4/strict.dtd\">], url=[http://ichart.finance.yahoo.com/table.csv?a=0&b=1&e=31&g=d&c=1998&d=11&f=1998&s=LIVEPOLC-1.MX]}","content":"select * from csv(2,0) where url=@url and columns=@columnsNames"}],"csv":"Column mismatch: [<!doctype_html public \"-//W3C//DTD HTML 4.01//EN\" \"http://www.w3.org/TR/html4/strict.dtd\">] vs body {font:small/1.2em arial,helvetica,clean,sans-serif;font:x-small;text-align:center;}table {font-size:inherit;font:x-small;}","javascript":{"execution-start-time":"4","execution-stop-time":"117","execution-time":"112","instructions-used":"28569","table-name":"yahoo.finance.historicaldata"},"user-time":"117","service-time":"109","build-version":"0.2.311"},"results":null}}
LALAB.MX	http://query.yahooapis.com/v1/public/yql?q=select%20*%20from%20yahoo.finance.historicaldata%20where%20symbol%20in%20%28%22LALAB.MX%22%29%20and%20startDate=%221998-01-01%22%20and%20endDate=%221998-12-31%22&diagnostics=true&env=http://datatables.org/alltables.env&format=json	{"query":{"count":0,"created":"2015-11-10T09:10:54Z","lang":"en-US","diagnostics":{"url":[{"execution-start-time":"0","execution-stop-time":"2","execution-time":"2","proxy":"DEFAULT","content":"http://datatables.org/alltables.env"},{"execution-start-time":"3","execution-stop-time":"5","execution-time":"2","proxy":"DEFAULT","content":"http://www.datatables.org/yahoo/finance/yahoo.finance.historicaldata.xml"},{"execution-start-time":"9","execution-stop-time":"17","execution-time":"8","http-status-code":"404","http-status-message":"Not Found","proxy":"DEFAULT","content":"http://ichart.finance.yahoo.com/table.csv?a=0&b=1&e=31&g=d&c=1998&d=11&f=1998&s=LALAB.MX"},{"execution-start-time":"19","execution-stop-time":"27","execution-time":"8","http-status-code":"404","http-status-message":"Not Found","proxy":"DEFAULT","content":"http://ichart.finance.yahoo.com/table.csv?a=0&b=1&e=31&g=d&c=1998&d=11&f=1998&s=LALAB.MX"}],"publiclyCallable":"true","cache":[{"execution-start-time":"9","execution-stop-time":"9","execution-time":"0","method":"GET","type":"MEMCACHED","content":"747c5ebd237ae4aa034945ff479aeb05"},{"execution-start-time":"18","execution-stop-time":"19","execution-time":"1","method":"GET","type":"MEMCACHED","content":"2fa33444c3d9488def78cbf6b0789d69"}],"query":[{"execution-start-time":"9","execution-stop-time":"18","execution-time":"9","params":"{url=[http://ichart.finance.yahoo.com/table.csv?a=0&b=1&e=31&g=d&c=1998&d=11&f=1998&s=LALAB.MX]}","content":"select * from csv(0,1) where url=@url"},{"execution-start-time":"19","execution-stop-time":"27","execution-time":"8","params":"{columnsNames=[<!doctype_html public \"-//W3C//DTD HTML 4.01//EN\" \"http://www.w3.org/TR/html4/strict.dtd\">], url=[http://ichart.finance.yahoo.com/table.csv?a=0&b=1&e=31&g=d&c=1998&d=11&f=1998&s=LALAB.MX]}","content":"select * from csv(2,0) where url=@url and columns=@columnsNames"}],"csv":"Column mismatch: [<!doctype_html public \"-//W3C//DTD HTML 4.01//EN\" \"http://www.w3.org/TR/html4/strict.dtd\">] vs body {font:small/1.2em arial,helvetica,clean,sans-serif;font:x-small;text-align:center;}table {font-size:inherit;font:x-small;}","javascript":{"execution-start-time":"7","execution-stop-time":"27","execution-time":"20","instructions-used":"28569","table-name":"yahoo.finance.historicaldata"},"user-time":"28","service-time":"21","build-version":"0.2.311"},"results":null}}
LABB.MX	http://query.yahooapis.com/v1/public/yql?q=select%20*%20from%20yahoo.finance.historicaldata%20where%20symbol%20in%20%28%22LABB.MX%22%29%20and%20startDate=%221998-01-01%22%20and%20endDate=%221998-12-31%22&diagnostics=true&env=http://datatables.org/alltables.env&format=json	{"query":{"count":0,"created":"2015-11-10T09:10:55Z","lang":"en-US","diagnostics":{"url":[{"execution-start-time":"0","execution-stop-time":"2","execution-time":"2","proxy":"DEFAULT","content":"http://datatables.org/alltables.env"},{"execution-start-time":"2","execution-stop-time":"4","execution-time":"2","proxy":"DEFAULT","content":"http://www.datatables.org/yahoo/finance/yahoo.finance.historicaldata.xml"},{"execution-start-time":"8","execution-stop-time":"17","execution-time":"9","http-status-code":"404","http-status-message":"Not Found","proxy":"DEFAULT","content":"http://ichart.finance.yahoo.com/table.csv?a=0&b=1&e=31&g=d&c=1998&d=11&f=1998&s=LABB.MX"},{"execution-start-time":"20","execution-stop-time":"27","execution-time":"7","http-status-code":"404","http-status-message":"Not Found","proxy":"DEFAULT","content":"http://ichart.finance.yahoo.com/table.csv?a=0&b=1&e=31&g=d&c=1998&d=11&f=1998&s=LABB.MX"}],"publiclyCallable":"true","cache":[{"execution-start-time":"7","execution-stop-time":"7","execution-time":"0","method":"GET","type":"MEMCACHED","content":"704030584260f20e52ddcb6c436c55be"},{"execution-start-time":"18","execution-stop-time":"19","execution-time":"1","method":"GET","type":"MEMCACHED","content":"d40e2a3b19f68c7011573f3ba14d6e4f"}],"query":[{"execution-start-time":"7","execution-stop-time":"18","execution-time":"11","params":"{url=[http://ichart.finance.yahoo.com/table.csv?a=0&b=1&e=31&g=d&c=1998&d=11&f=1998&s=LABB.MX]}","content":"select * from csv(0,1) where url=@url"},{"execution-start-time":"19","execution-stop-time":"28","execution-time":"9","params":"{columnsNames=[<!doctype_html public \"-//W3C//DTD HTML 4.01//EN\" \"http://www.w3.org/TR/html4/strict.dtd\">], url=[http://ichart.finance.yahoo.com/table.csv?a=0&b=1&e=31&g=d&c=1998&d=11&f=1998&s=LABB.MX]}","content":"select * from csv(2,0) where url=@url and columns=@columnsNames"}],"csv":"Column mismatch: [<!doctype_html public \"-//W3C//DTD HTML 4.01//EN\" \"http://www.w3.org/TR/html4/strict.dtd\">] vs body {font:small/1.2em arial,helvetica,clean,sans-serif;font:x-small;text-align:center;}table {font-size:inherit;font:x-small;}","javascript":{"execution-start-time":"6","execution-stop-time":"28","execution-time":"21","instructions-used":"28569","table-name":"yahoo.finance.historicaldata"},"user-time":"29","service-time":"21","build-version":"0.2.311"},"results":null}}
KOFL.MX	http://query.yahooapis.com/v1/public/yql?q=select%20*%20from%20yahoo.finance.historicaldata%20where%20symbol%20in%20%28%22KOFL.MX%22%29%20and%20startDate=%221998-01-01%22%20and%20endDate=%221998-12-31%22&diagnostics=true&env=http://datatables.org/alltables.env&format=json	{"query":{"count":0,"created":"2015-11-10T09:10:57Z","lang":"en-US","diagnostics":{"url":[{"execution-start-time":"0","execution-stop-time":"2","execution-time":"2","proxy":"DEFAULT","content":"http://datatables.org/alltables.env"},{"execution-start-time":"2","execution-stop-time":"4","execution-time":"2","proxy":"DEFAULT","content":"http://www.datatables.org/yahoo/finance/yahoo.finance.historicaldata.xml"},{"execution-start-time":"9","execution-stop-time":"60","execution-time":"51","http-status-code":"404","http-status-message":"Not Found","proxy":"DEFAULT","content":"http://ichart.finance.yahoo.com/table.csv?a=0&b=1&e=31&g=d&c=1998&d=11&f=1998&s=KOFL.MX"},{"execution-start-time":"63","execution-stop-time":"72","execution-time":"9","http-status-code":"404","http-status-message":"Not Found","proxy":"DEFAULT","content":"http://ichart.finance.yahoo.com/table.csv?a=0&b=1&e=31&g=d&c=1998&d=11&f=1998&s=KOFL.MX"}],"publiclyCallable":"true","cache":[{"execution-start-time":"7","execution-stop-time":"8","execution-time":"1","method":"GET","type":"MEMCACHED","content":"67c773138ebde7d870be4182b2950d05"},{"execution-start-time":"62","execution-stop-time":"62","execution-time":"0","method":"GET","type":"MEMCACHED","content":"acaccf258454d8713f1d7d67b996be3b"}],"query":[{"execution-start-time":"8","execution-stop-time":"62","execution-time":"54","params":"{url=[http://ichart.finance.yahoo.com/table.csv?a=0&b=1&e=31&g=d&c=1998&d=11&f=1998&s=KOFL.MX]}","content":"select * from csv(0,1) where url=@url"},{"execution-start-time":"62","execution-stop-time":"73","execution-time":"11","params":"{columnsNames=[<!doctype_html public \"-//W3C//DTD HTML 4.01//EN\" \"http://www.w3.org/TR/html4/strict.dtd\">], url=[http://ichart.finance.yahoo.com/table.csv?a=0&b=1&e=31&g=d&c=1998&d=11&f=1998&s=KOFL.MX]}","content":"select * from csv(2,0) where url=@url and columns=@columnsNames"}],"csv":"Column mismatch: [<!doctype_html public \"-//W3C//DTD HTML 4.01//EN\" \"http://www.w3.org/TR/html4/strict.dtd\">] vs body {font:small/1.2em arial,helvetica,clean,sans-serif;font:x-small;text-align:center;}table {font-size:inherit;font:x-small;}","javascript":{"execution-start-time":"6","execution-stop-time":"73","execution-time":"66","instructions-used":"28569","table-name":"yahoo.finance.historicaldata"},"user-time":"73","service-time":"65","build-version":"0.2.311"},"results":null}}
COMERCIUBC.MX	http://query.yahooapis.com/v1/public/yql?q=select%20*%20from%20yahoo.finance.historicaldata%20where%20symbol%20in%20%28%22COMERCIUBC.MX%22%29%20and%20startDate=%221998-01-01%22%20and%20endDate=%221998-12-31%22&diagnostics=true&env=http://datatables.org/alltables.env&format=json	{"query":{"count":0,"created":"2015-11-10T09:10:59Z","lang":"en-US","diagnostics":{"url":[{"execution-start-time":"0","execution-stop-time":"2","execution-time":"2","proxy":"DEFAULT","content":"http://datatables.org/alltables.env"},{"execution-start-time":"2","execution-stop-time":"4","execution-time":"2","proxy":"DEFAULT","content":"http://www.datatables.org/yahoo/finance/yahoo.finance.historicaldata.xml"},{"execution-start-time":"7","execution-stop-time":"20","execution-time":"13","http-status-code":"404","http-status-message":"Not Found","proxy":"DEFAULT","content":"http://ichart.finance.yahoo.com/table.csv?a=0&b=1&e=31&g=d&c=1998&d=11&f=1998&s=COMERCIUBC.MX"},{"execution-start-time":"22","execution-stop-time":"31","execution-time":"9","http-status-code":"404","http-status-message":"Not Found","proxy":"DEFAULT","content":"http://ichart.finance.yahoo.com/table.csv?a=0&b=1&e=31&g=d&c=1998&d=11&f=1998&s=COMERCIUBC.MX"}],"publiclyCallable":"true","cache":[{"execution-start-time":"6","execution-stop-time":"7","execution-time":"1","method":"GET","type":"MEMCACHED","content":"552449523dd886c49f342514f89aa978"},{"execution-start-time":"21","execution-stop-time":"22","execution-time":"1","method":"GET","type":"MEMCACHED","content":"39bfc40aa530521a226c62006aa0bfd4"}],"query":[{"execution-start-time":"7","execution-stop-time":"21","execution-time":"14","params":"{url=[http://ichart.finance.yahoo.com/table.csv?a=0&b=1&e=31&g=d&c=1998&d=11&f=1998&s=COMERCIUBC.MX]}","content":"select * from csv(0,1) where url=@url"},{"execution-start-time":"22","execution-stop-time":"32","execution-time":"10","params":"{columnsNames=[<!doctype_html public \"-//W3C//DTD HTML 4.01//EN\" \"http://www.w3.org/TR/html4/strict.dtd\">], url=[http://ichart.finance.yahoo.com/table.csv?a=0&b=1&e=31&g=d&c=1998&d=11&f=1998&s=COMERCIUBC.MX]}","content":"select * from csv(2,0) where url=@url and columns=@columnsNames"}],"csv":"Column mismatch: [<!doctype_html public \"-//W3C//DTD HTML 4.01//EN\" \"http://www.w3.org/TR/html4/strict.dtd\">] vs body {font:small/1.2em arial,helvetica,clean,sans-serif;font:x-small;text-align:center;}table {font-size:inherit;font:x-small;}","javascript":{"execution-start-time":"5","execution-stop-time":"32","execution-time":"26","instructions-used":"28569","table-name":"yahoo.finance.historicaldata"},"user-time":"32","service-time":"28","build-version":"0.2.311"},"results":null}}
KIMBERA.MX	http://query.yahooapis.com/v1/public/yql?q=select%20*%20from%20yahoo.finance.historicaldata%20where%20symbol%20in%20%28%22KIMBERA.MX%22%29%20and%20startDate=%221998-01-01%22%20and%20endDate=%221998-12-31%22&diagnostics=true&env=http://datatables.org/alltables.env&format=json	{"query":{"count":0,"created":"2015-11-10T09:11:01Z","lang":"en-US","diagnostics":{"url":[{"execution-start-time":"0","execution-stop-time":"2","execution-time":"2","proxy":"DEFAULT","content":"http://datatables.org/alltables.env"},{"execution-start-time":"2","execution-stop-time":"4","execution-time":"2","proxy":"DEFAULT","content":"http://www.datatables.org/yahoo/finance/yahoo.finance.historicaldata.xml"},{"execution-start-time":"9","execution-stop-time":"45","execution-time":"36","http-status-code":"404","http-status-message":"Not Found","proxy":"DEFAULT","content":"http://ichart.finance.yahoo.com/table.csv?a=0&b=1&e=31&g=d&c=1998&d=11&f=1998&s=KIMBERA.MX"},{"execution-start-time":"47","execution-stop-time":"84","execution-time":"37","http-status-code":"404","http-status-message":"Not Found","proxy":"DEFAULT","content":"http://ichart.finance.yahoo.com/table.csv?a=0&b=1&e=31&g=d&c=1998&d=11&f=1998&s=KIMBERA.MX"}],"publiclyCallable":"true","cache":[{"execution-start-time":"8","execution-stop-time":"8","execution-time":"0","method":"GET","type":"MEMCACHED","content":"defe750a3726f51562aee7c6359eb4db"},{"execution-start-time":"46","execution-stop-time":"46","execution-time":"0","method":"GET","type":"MEMCACHED","content":"2a624ddf2aba9c6a919fab498e666503"}],"query":[{"execution-start-time":"8","execution-stop-time":"46","execution-time":"38","params":"{url=[http://ichart.finance.yahoo.com/table.csv?a=0&b=1&e=31&g=d&c=1998&d=11&f=1998&s=KIMBERA.MX]}","content":"select * from csv(0,1) where url=@url"},{"execution-start-time":"46","execution-stop-time":"84","execution-time":"38","params":"{columnsNames=[<!doctype_html public \"-//W3C//DTD HTML 4.01//EN\" \"http://www.w3.org/TR/html4/strict.dtd\">], url=[http://ichart.finance.yahoo.com/table.csv?a=0&b=1&e=31&g=d&c=1998&d=11&f=1998&s=KIMBERA.MX]}","content":"select * from csv(2,0) where url=@url and columns=@columnsNames"}],"csv":"Column mismatch: [<!doctype_html public \"-//W3C//DTD HTML 4.01//EN\" \"http://www.w3.org/TR/html4/strict.dtd\">] vs body {font:small/1.2em arial,helvetica,clean,sans-serif;font:x-small;text-align:center;}table {font-size:inherit;font:x-small;}","javascript":{"execution-start-time":"7","execution-stop-time":"84","execution-time":"77","instructions-used":"28569","table-name":"yahoo.finance.historicaldata"},"user-time":"85","service-time":"77","build-version":"0.2.311"},"results":null}}
CEMEXCPO.MX	http://query.yahooapis.com/v1/public/yql?q=select%20*%20from%20yahoo.finance.historicaldata%20where%20symbol%20in%20%28%22CEMEXCPO.MX%22%29%20and%20startDate=%221998-01-01%22%20and%20endDate=%221998-12-31%22&diagnostics=true&env=http://datatables.org/alltables.env&format=json	{"query":{"count":0,"created":"2015-11-10T09:11:04Z","lang":"en-US","diagnostics":{"url":[{"execution-start-time":"0","execution-stop-time":"3","execution-time":"3","proxy":"DEFAULT","content":"http://datatables.org/alltables.env"},{"execution-start-time":"3","execution-stop-time":"5","execution-time":"2","proxy":"DEFAULT","content":"http://www.datatables.org/yahoo/finance/yahoo.finance.historicaldata.xml"},{"execution-start-time":"10","execution-stop-time":"20","execution-time":"10","http-status-code":"404","http-status-message":"Not Found","proxy":"DEFAULT","content":"http://ichart.finance.yahoo.com/table.csv?a=0&b=1&e=31&g=d&c=1998&d=11&f=1998&s=CEMEXCPO.MX"},{"execution-start-time":"23","execution-stop-time":"31","execution-time":"8","http-status-code":"404","http-status-message":"Not Found","proxy":"DEFAULT","content":"http://ichart.finance.yahoo.com/table.csv?a=0&b=1&e=31&g=d&c=1998&d=11&f=1998&s=CEMEXCPO.MX"}],"publiclyCallable":"true","cache":[{"execution-start-time":"9","execution-stop-time":"9","execution-time":"0","method":"GET","type":"MEMCACHED","content":"e177e8bcbdb205957edf0a0428fe806c"},{"execution-start-time":"22","execution-stop-time":"22","execution-time":"0","method":"GET","type":"MEMCACHED","content":"1e05b4888641a0c449f413eccba07124"}],"query":[{"execution-start-time":"9","execution-stop-time":"21","execution-time":"12","params":"{url=[http://ichart.finance.yahoo.com/table.csv?a=0&b=1&e=31&g=d&c=1998&d=11&f=1998&s=CEMEXCPO.MX]}","content":"select * from csv(0,1) where url=@url"},{"execution-start-time":"22","execution-stop-time":"31","execution-time":"9","params":"{columnsNames=[<!doctype_html public \"-//W3C//DTD HTML 4.01//EN\" \"http://www.w3.org/TR/html4/strict.dtd\">], url=[http://ichart.finance.yahoo.com/table.csv?a=0&b=1&e=31&g=d&c=1998&d=11&f=1998&s=CEMEXCPO.MX]}","content":"select * from csv(2,0) where url=@url and columns=@columnsNames"}],"csv":"Column mismatch: [<!doctype_html public \"-//W3C//DTD HTML 4.01//EN\" \"http://www.w3.org/TR/html4/strict.dtd\">] vs body {font:small/1.2em arial,helvetica,clean,sans-serif;font:x-small;text-align:center;}table {font-size:inherit;font:x-small;}","javascript":{"execution-start-time":"7","execution-stop-time":"31","execution-time":"23","instructions-used":"28569","table-name":"yahoo.finance.historicaldata"},"user-time":"32","service-time":"23","build-version":"0.2.311"},"results":null}}
IENOVA.MX	http://query.yahooapis.com/v1/public/yql?q=select%20*%20from%20yahoo.finance.historicaldata%20where%20symbol%20in%20%28%22IENOVA.MX%22%29%20and%20startDate=%221998-01-01%22%20and%20endDate=%221998-12-31%22&diagnostics=true&env=http://datatables.org/alltables.env&format=json	{"query":{"count":0,"created":"2015-11-10T09:11:07Z","lang":"en-US","diagnostics":{"url":[{"execution-start-time":"0","execution-stop-time":"2","execution-time":"2","proxy":"DEFAULT","content":"http://datatables.org/alltables.env"},{"execution-start-time":"2","execution-stop-time":"4","execution-time":"2","proxy":"DEFAULT","content":"http://www.datatables.org/yahoo/finance/yahoo.finance.historicaldata.xml"},{"execution-start-time":"9","execution-stop-time":"17","execution-time":"8","http-status-code":"404","http-status-message":"Not Found","proxy":"DEFAULT","content":"http://ichart.finance.yahoo.com/table.csv?a=0&b=1&e=31&g=d&c=1998&d=11&f=1998&s=IENOVA.MX"},{"execution-start-time":"21","execution-stop-time":"52","execution-time":"31","http-status-code":"404","http-status-message":"Not Found","proxy":"DEFAULT","content":"http://ichart.finance.yahoo.com/table.csv?a=0&b=1&e=31&g=d&c=1998&d=11&f=1998&s=IENOVA.MX"}],"publiclyCallable":"true","cache":[{"execution-start-time":"8","execution-stop-time":"8","execution-time":"0","method":"GET","type":"MEMCACHED","content":"4d4f6e0460e47bd69af3a01cf25c8d37"},{"execution-start-time":"19","execution-stop-time":"20","execution-time":"1","method":"GET","type":"MEMCACHED","content":"3f88fbb068eadbfe784e845a78a5bd36"}],"query":[{"execution-start-time":"8","execution-stop-time":"19","execution-time":"11","params":"{url=[http://ichart.finance.yahoo.com/table.csv?a=0&b=1&e=31&g=d&c=1998&d=11&f=1998&s=IENOVA.MX]}","content":"select * from csv(0,1) where url=@url"},{"execution-start-time":"20","execution-stop-time":"53","execution-time":"33","params":"{columnsNames=[<!doctype_html public \"-//W3C//DTD HTML 4.01//EN\" \"http://www.w3.org/TR/html4/strict.dtd\">], url=[http://ichart.finance.yahoo.com/table.csv?a=0&b=1&e=31&g=d&c=1998&d=11&f=1998&s=IENOVA.MX]}","content":"select * from csv(2,0) where url=@url and columns=@columnsNames"}],"csv":"Column mismatch: [<!doctype_html public \"-//W3C//DTD HTML 4.01//EN\" \"http://www.w3.org/TR/html4/strict.dtd\">] vs body {font:small/1.2em arial,helvetica,clean,sans-serif;font:x-small;text-align:center;}table {font-size:inherit;font:x-small;}","javascript":{"execution-start-time":"7","execution-stop-time":"53","execution-time":"46","instructions-used":"28569","table-name":"yahoo.finance.historicaldata"},"user-time":"54","service-time":"44","build-version":"0.2.311"},"results":null}}
BIMBOA.MX	http://query.yahooapis.com/v1/public/yql?q=select%20*%20from%20yahoo.finance.historicaldata%20where%20symbol%20in%20%28%22BIMBOA.MX%22%29%20and%20startDate=%221998-01-01%22%20and%20endDate=%221998-12-31%22&diagnostics=true&env=http://datatables.org/alltables.env&format=json	{"query":{"count":0,"created":"2015-11-10T09:11:10Z","lang":"en-US","diagnostics":{"url":[{"execution-start-time":"1","execution-stop-time":"3","execution-time":"2","proxy":"DEFAULT","content":"http://datatables.org/alltables.env"},{"execution-start-time":"3","execution-stop-time":"5","execution-time":"2","proxy":"DEFAULT","content":"http://www.datatables.org/yahoo/finance/yahoo.finance.historicaldata.xml"},{"execution-start-time":"11","execution-stop-time":"23","execution-time":"12","http-status-code":"404","http-status-message":"Not Found","proxy":"DEFAULT","content":"http://ichart.finance.yahoo.com/table.csv?a=0&b=1&e=31&g=d&c=1998&d=11&f=1998&s=BIMBOA.MX"},{"execution-start-time":"26","execution-stop-time":"35","execution-time":"9","http-status-code":"404","http-status-message":"Not Found","proxy":"DEFAULT","content":"http://ichart.finance.yahoo.com/table.csv?a=0&b=1&e=31&g=d&c=1998&d=11&f=1998&s=BIMBOA.MX"}],"publiclyCallable":"true","cache":[{"execution-start-time":"9","execution-stop-time":"10","execution-time":"1","method":"GET","type":"MEMCACHED","content":"dd4266690ffa67eb0315130786c6a676"},{"execution-start-time":"24","execution-stop-time":"25","execution-time":"1","method":"GET","type":"MEMCACHED","content":"b0222bff0a1fca6365138d368512773e"}],"query":[{"execution-start-time":"10","execution-stop-time":"24","execution-time":"14","params":"{url=[http://ichart.finance.yahoo.com/table.csv?a=0&b=1&e=31&g=d&c=1998&d=11&f=1998&s=BIMBOA.MX]}","content":"select * from csv(0,1) where url=@url"},{"execution-start-time":"25","execution-stop-time":"35","execution-time":"10","params":"{columnsNames=[<!doctype_html public \"-//W3C//DTD HTML 4.01//EN\" \"http://www.w3.org/TR/html4/strict.dtd\">], url=[http://ichart.finance.yahoo.com/table.csv?a=0&b=1&e=31&g=d&c=1998&d=11&f=1998&s=BIMBOA.MX]}","content":"select * from csv(2,0) where url=@url and columns=@columnsNames"}],"csv":"Column mismatch: [<!doctype_html public \"-//W3C//DTD HTML 4.01//EN\" \"http://www.w3.org/TR/html4/strict.dtd\">] vs body {font:small/1.2em arial,helvetica,clean,sans-serif;font:x-small;text-align:center;}table {font-size:inherit;font:x-small;}","javascript":{"execution-start-time":"7","execution-stop-time":"35","execution-time":"27","instructions-used":"28569","table-name":"yahoo.finance.historicaldata"},"user-time":"36","service-time":"27","build-version":"0.2.311"},"results":null}}
ICHB.MX	http://query.yahooapis.com/v1/public/yql?q=select%20*%20from%20yahoo.finance.historicaldata%20where%20symbol%20in%20%28%22ICHB.MX%22%29%20and%20startDate=%221998-01-01%22%20and%20endDate=%221998-12-31%22&diagnostics=true&env=http://datatables.org/alltables.env&format=json	{"query":{"count":0,"created":"2015-11-10T09:11:13Z","lang":"en-US","diagnostics":{"url":[{"execution-start-time":"1","execution-stop-time":"3","execution-time":"2","proxy":"DEFAULT","content":"http://datatables.org/alltables.env"},{"execution-start-time":"3","execution-stop-time":"5","execution-time":"2","proxy":"DEFAULT","content":"http://www.datatables.org/yahoo/finance/yahoo.finance.historicaldata.xml"},{"execution-start-time":"9","execution-stop-time":"19","execution-time":"10","http-status-code":"404","http-status-message":"Not Found","proxy":"DEFAULT","content":"http://ichart.finance.yahoo.com/table.csv?a=0&b=1&e=31&g=d&c=1998&d=11&f=1998&s=ICHB.MX"},{"execution-start-time":"21","execution-stop-time":"30","execution-time":"9","http-status-code":"404","http-status-message":"Not Found","proxy":"DEFAULT","content":"http://ichart.finance.yahoo.com/table.csv?a=0&b=1&e=31&g=d&c=1998&d=11&f=1998&s=ICHB.MX"}],"publiclyCallable":"true","cache":[{"execution-start-time":"8","execution-stop-time":"8","execution-time":"0","method":"GET","type":"MEMCACHED","content":"9814750fa16ca4a7d35d6b820d73ab17"},{"execution-start-time":"20","execution-stop-time":"20","execution-time":"0","method":"GET","type":"MEMCACHED","content":"c960840dc1682de3c5804fa105f02101"}],"query":[{"execution-start-time":"8","execution-stop-time":"19","execution-time":"11","params":"{url=[http://ichart.finance.yahoo.com/table.csv?a=0&b=1&e=31&g=d&c=1998&d=11&f=1998&s=ICHB.MX]}","content":"select * from csv(0,1) where url=@url"},{"execution-start-time":"20","execution-stop-time":"30","execution-time":"10","params":"{columnsNames=[<!doctype_html public \"-//W3C//DTD HTML 4.01//EN\" \"http://www.w3.org/TR/html4/strict.dtd\">], url=[http://ichart.finance.yahoo.com/table.csv?a=0&b=1&e=31&g=d&c=1998&d=11&f=1998&s=ICHB.MX]}","content":"select * from csv(2,0) where url=@url and columns=@columnsNames"}],"csv":"Column mismatch: [<!doctype_html public \"-//W3C//DTD HTML 4.01//EN\" \"http://www.w3.org/TR/html4/strict.dtd\">] vs body {font:small/1.2em arial,helvetica,clean,sans-serif;font:x-small;text-align:center;}table {font-size:inherit;font:x-small;}","javascript":{"execution-start-time":"6","execution-stop-time":"30","execution-time":"23","instructions-used":"28569","table-name":"yahoo.finance.historicaldata"},"user-time":"31","service-time":"23","build-version":"0.2.311"},"results":null}}
ASURB.MX	http://query.yahooapis.com/v1/public/yql?q=select%20*%20from%20yahoo.finance.historicaldata%20where%20symbol%20in%20%28%22ASURB.MX%22%29%20and%20startDate=%221998-01-01%22%20and%20endDate=%221998-12-31%22&diagnostics=true&env=http://datatables.org/alltables.env&format=json	{"query":{"count":0,"created":"2015-11-10T09:11:17Z","lang":"en-US","diagnostics":{"url":[{"execution-start-time":"0","execution-stop-time":"2","execution-time":"2","proxy":"DEFAULT","content":"http://datatables.org/alltables.env"},{"execution-start-time":"2","execution-stop-time":"5","execution-time":"3","proxy":"DEFAULT","content":"http://www.datatables.org/yahoo/finance/yahoo.finance.historicaldata.xml"},{"execution-start-time":"8","execution-stop-time":"61","execution-time":"53","http-status-code":"404","http-status-message":"Not Found","proxy":"DEFAULT","content":"http://ichart.finance.yahoo.com/table.csv?a=0&b=1&e=31&g=d&c=1998&d=11&f=1998&s=ASURB.MX"},{"execution-start-time":"64","execution-stop-time":"74","execution-time":"10","http-status-code":"404","http-status-message":"Not Found","proxy":"DEFAULT","content":"http://ichart.finance.yahoo.com/table.csv?a=0&b=1&e=31&g=d&c=1998&d=11&f=1998&s=ASURB.MX"}],"publiclyCallable":"true","cache":[{"execution-start-time":"7","execution-stop-time":"8","execution-time":"1","method":"GET","type":"MEMCACHED","content":"810af6aad0e8aefdded4d695fe952049"},{"execution-start-time":"63","execution-stop-time":"63","execution-time":"0","method":"GET","type":"MEMCACHED","content":"bcead61a5887fddc1675ad94c8ab0364"}],"query":[{"execution-start-time":"8","execution-stop-time":"63","execution-time":"55","params":"{url=[http://ichart.finance.yahoo.com/table.csv?a=0&b=1&e=31&g=d&c=1998&d=11&f=1998&s=ASURB.MX]}","content":"select * from csv(0,1) where url=@url"},{"execution-start-time":"63","execution-stop-time":"74","execution-time":"11","params":"{columnsNames=[<!doctype_html public \"-//W3C//DTD HTML 4.01//EN\" \"http://www.w3.org/TR/html4/strict.dtd\">], url=[http://ichart.finance.yahoo.com/table.csv?a=0&b=1&e=31&g=d&c=1998&d=11&f=1998&s=ASURB.MX]}","content":"select * from csv(2,0) where url=@url and columns=@columnsNames"}],"csv":"Column mismatch: [<!doctype_html public \"-//W3C//DTD HTML 4.01//EN\" \"http://www.w3.org/TR/html4/strict.dtd\">] vs body {font:small/1.2em arial,helvetica,clean,sans-serif;font:x-small;text-align:center;}table {font-size:inherit;font:x-small;}","javascript":{"execution-start-time":"6","execution-stop-time":"74","execution-time":"67","instructions-used":"28569","table-name":"yahoo.finance.historicaldata"},"user-time":"75","service-time":"69","build-version":"0.2.311"},"results":null}}
AMXL.MX	http://query.yahooapis.com/v1/public/yql?q=select%20*%20from%20yahoo.finance.historicaldata%20where%20symbol%20in%20%28%22AMXL.MX%22%29%20and%20startDate=%221998-01-01%22%20and%20endDate=%221998-12-31%22&diagnostics=true&env=http://datatables.org/alltables.env&format=json	{"query":{"count":0,"created":"2015-11-10T09:11:20Z","lang":"en-US","diagnostics":{"url":[{"execution-start-time":"0","execution-stop-time":"2","execution-time":"2","proxy":"DEFAULT","content":"http://datatables.org/alltables.env"},{"execution-start-time":"2","execution-stop-time":"4","execution-time":"2","proxy":"DEFAULT","content":"http://www.datatables.org/yahoo/finance/yahoo.finance.historicaldata.xml"},{"execution-start-time":"7","execution-stop-time":"16","execution-time":"9","http-status-code":"404","http-status-message":"Not Found","proxy":"DEFAULT","content":"http://ichart.finance.yahoo.com/table.csv?a=0&b=1&e=31&g=d&c=1998&d=11&f=1998&s=AMXL.MX"},{"execution-start-time":"18","execution-stop-time":"27","execution-time":"9","http-status-code":"404","http-status-message":"Not Found","proxy":"DEFAULT","content":"http://ichart.finance.yahoo.com/table.csv?a=0&b=1&e=31&g=d&c=1998&d=11&f=1998&s=AMXL.MX"}],"publiclyCallable":"true","cache":[{"execution-start-time":"6","execution-stop-time":"6","execution-time":"0","method":"GET","type":"MEMCACHED","content":"8b0b58c433b9df3c3cce7d2ad6dc8224"},{"execution-start-time":"17","execution-stop-time":"18","execution-time":"1","method":"GET","type":"MEMCACHED","content":"ba6ea653307e57ee8a6ae4045b8c80b6"}],"query":[{"execution-start-time":"7","execution-stop-time":"17","execution-time":"10","params":"{url=[http://ichart.finance.yahoo.com/table.csv?a=0&b=1&e=31&g=d&c=1998&d=11&f=1998&s=AMXL.MX]}","content":"select * from csv(0,1) where url=@url"},{"execution-start-time":"18","execution-stop-time":"27","execution-time":"9","params":"{columnsNames=[<!doctype_html public \"-//W3C//DTD HTML 4.01//EN\" \"http://www.w3.org/TR/html4/strict.dtd\">], url=[http://ichart.finance.yahoo.com/table.csv?a=0&b=1&e=31&g=d&c=1998&d=11&f=1998&s=AMXL.MX]}","content":"select * from csv(2,0) where url=@url and columns=@columnsNames"}],"csv":"Column mismatch: [<!doctype_html public \"-//W3C//DTD HTML 4.01//EN\" \"http://www.w3.org/TR/html4/strict.dtd\">] vs body {font:small/1.2em arial,helvetica,clean,sans-serif;font:x-small;text-align:center;}table {font-size:inherit;font:x-small;}","javascript":{"execution-start-time":"5","execution-stop-time":"27","execution-time":"21","instructions-used":"28569","table-name":"yahoo.finance.historicaldata"},"user-time":"29","service-time":"23","build-version":"0.2.311"},"results":null}}
ICA.MX	http://query.yahooapis.com/v1/public/yql?q=select%20*%20from%20yahoo.finance.historicaldata%20where%20symbol%20in%20%28%22ICA.MX%22%29%20and%20startDate=%221998-01-01%22%20and%20endDate=%221998-12-31%22&diagnostics=true&env=http://datatables.org/alltables.env&format=json	{"query":{"count":0,"created":"2015-11-10T09:11:23Z","lang":"en-US","diagnostics":{"url":[{"execution-start-time":"1","execution-stop-time":"3","execution-time":"2","proxy":"DEFAULT","content":"http://datatables.org/alltables.env"},{"execution-start-time":"3","execution-stop-time":"6","execution-time":"3","proxy":"DEFAULT","content":"http://www.datatables.org/yahoo/finance/yahoo.finance.historicaldata.xml"},{"execution-start-time":"12","execution-stop-time":"67","execution-time":"55","http-status-code":"404","http-status-message":"Not Found","proxy":"DEFAULT","content":"http://ichart.finance.yahoo.com/table.csv?a=0&b=1&e=31&g=d&c=1998&d=11&f=1998&s=ICA.MX"},{"execution-start-time":"70","execution-stop-time":"81","execution-time":"11","http-status-code":"404","http-status-message":"Not Found","proxy":"DEFAULT","content":"http://ichart.finance.yahoo.com/table.csv?a=0&b=1&e=31&g=d&c=1998&d=11&f=1998&s=ICA.MX"}],"publiclyCallable":"true","cache":[{"execution-start-time":"10","execution-stop-time":"11","execution-time":"1","method":"GET","type":"MEMCACHED","content":"95e71d7ff565f06f26244b73cdc3c313"},{"execution-start-time":"69","execution-stop-time":"70","execution-time":"1","method":"GET","type":"MEMCACHED","content":"3a08afb3e04e1e120cf6f4aa0d9bb62e"}],"query":[{"execution-start-time":"11","execution-stop-time":"69","execution-time":"58","params":"{url=[http://ichart.finance.yahoo.com/table.csv?a=0&b=1&e=31&g=d&c=1998&d=11&f=1998&s=ICA.MX]}","content":"select * from csv(0,1) where url=@url"},{"execution-start-time":"70","execution-stop-time":"81","execution-time":"11","params":"{columnsNames=[<!doctype_html public \"-//W3C//DTD HTML 4.01//EN\" \"http://www.w3.org/TR/html4/strict.dtd\">], url=[http://ichart.finance.yahoo.com/table.csv?a=0&b=1&e=31&g=d&c=1998&d=11&f=1998&s=ICA.MX]}","content":"select * from csv(2,0) where url=@url and columns=@columnsNames"}],"csv":"Column mismatch: [<!doctype_html public \"-//W3C//DTD HTML 4.01//EN\" \"http://www.w3.org/TR/html4/strict.dtd\">] vs body {font:small/1.2em arial,helvetica,clean,sans-serif;font:x-small;text-align:center;}table {font-size:inherit;font:x-small;}","javascript":{"execution-start-time":"8","execution-stop-time":"81","execution-time":"72","instructions-used":"28569","table-name":"yahoo.finance.historicaldata"},"user-time":"82","service-time":"73","build-version":"0.2.311"},"results":null}}
ALSEA.MX	http://query.yahooapis.com/v1/public/yql?q=select%20*%20from%20yahoo.finance.historicaldata%20where%20symbol%20in%20%28%22ALSEA.MX%22%29%20and%20startDate=%221998-01-01%22%20and%20endDate=%221998-12-31%22&diagnostics=true&env=http://datatables.org/alltables.env&format=json	{"query":{"count":0,"created":"2015-11-10T09:11:26Z","lang":"en-US","diagnostics":{"url":[{"execution-start-time":"0","execution-stop-time":"2","execution-time":"2","proxy":"DEFAULT","content":"http://datatables.org/alltables.env"},{"execution-start-time":"3","execution-stop-time":"5","execution-time":"2","proxy":"DEFAULT","content":"http://www.datatables.org/yahoo/finance/yahoo.finance.historicaldata.xml"},{"execution-start-time":"9","execution-stop-time":"23","execution-time":"14","http-status-code":"404","http-status-message":"Not Found","proxy":"DEFAULT","content":"http://ichart.finance.yahoo.com/table.csv?a=0&b=1&e=31&g=d&c=1998&d=11&f=1998&s=ALSEA.MX"},{"execution-start-time":"26","execution-stop-time":"35","execution-time":"9","http-status-code":"404","http-status-message":"Not Found","proxy":"DEFAULT","content":"http://ichart.finance.yahoo.com/table.csv?a=0&b=1&e=31&g=d&c=1998&d=11&f=1998&s=ALSEA.MX"}],"publiclyCallable":"true","cache":[{"execution-start-time":"8","execution-stop-time":"8","execution-time":"0","method":"GET","type":"MEMCACHED","content":"ea1fc422441278c2e6a5c16be6cbde9c"},{"execution-start-time":"25","execution-stop-time":"26","execution-time":"1","method":"GET","type":"MEMCACHED","content":"fa1506c1cb80cfc18bef1babc3301c7f"}],"query":[{"execution-start-time":"8","execution-stop-time":"25","execution-time":"17","params":"{url=[http://ichart.finance.yahoo.com/table.csv?a=0&b=1&e=31&g=d&c=1998&d=11&f=1998&s=ALSEA.MX]}","content":"select * from csv(0,1) where url=@url"},{"execution-start-time":"26","execution-stop-time":"36","execution-time":"10","params":"{columnsNames=[<!doctype_html public \"-//W3C//DTD HTML 4.01//EN\" \"http://www.w3.org/TR/html4/strict.dtd\">], url=[http://ichart.finance.yahoo.com/table.csv?a=0&b=1&e=31&g=d&c=1998&d=11&f=1998&s=ALSEA.MX]}","content":"select * from csv(2,0) where url=@url and columns=@columnsNames"}],"csv":"Column mismatch: [<!doctype_html public \"-//W3C//DTD HTML 4.01//EN\" \"http://www.w3.org/TR/html4/strict.dtd\">] vs body {font:small/1.2em arial,helvetica,clean,sans-serif;font:x-small;text-align:center;}table {font-size:inherit;font:x-small;}","javascript":{"execution-start-time":"6","execution-stop-time":"36","execution-time":"29","instructions-used":"28569","table-name":"yahoo.finance.historicaldata"},"user-time":"36","service-time":"28","build-version":"0.2.311"},"results":null}}
ALFAA.MX	http://query.yahooapis.com/v1/public/yql?q=select%20*%20from%20yahoo.finance.historicaldata%20where%20symbol%20in%20%28%22ALFAA.MX%22%29%20and%20startDate=%221998-01-01%22%20and%20endDate=%221998-12-31%22&diagnostics=true&env=http://datatables.org/alltables.env&format=json	{"query":{"count":0,"created":"2015-11-10T09:11:29Z","lang":"en-US","diagnostics":{"url":[{"execution-start-time":"0","execution-stop-time":"2","execution-time":"2","proxy":"DEFAULT","content":"http://datatables.org/alltables.env"},{"execution-start-time":"2","execution-stop-time":"4","execution-time":"2","proxy":"DEFAULT","content":"http://www.datatables.org/yahoo/finance/yahoo.finance.historicaldata.xml"},{"execution-start-time":"8","execution-stop-time":"33","execution-time":"25","http-status-code":"404","http-status-message":"Not Found","proxy":"DEFAULT","content":"http://ichart.finance.yahoo.com/table.csv?a=0&b=1&e=31&g=d&c=1998&d=11&f=1998&s=ALFAA.MX"},{"execution-start-time":"36","execution-stop-time":"45","execution-time":"9","http-status-code":"404","http-status-message":"Not Found","proxy":"DEFAULT","content":"http://ichart.finance.yahoo.com/table.csv?a=0&b=1&e=31&g=d&c=1998&d=11&f=1998&s=ALFAA.MX"}],"publiclyCallable":"true","cache":[{"execution-start-time":"7","execution-stop-time":"7","execution-time":"0","method":"GET","type":"MEMCACHED","content":"dbba036e969700450cb1ed3159449aa8"},{"execution-start-time":"35","execution-stop-time":"35","execution-time":"0","method":"GET","type":"MEMCACHED","content":"5ed1b1218c1c629fb6cc03e34c56cb0e"}],"query":[{"execution-start-time":"7","execution-stop-time":"35","execution-time":"28","params":"{url=[http://ichart.finance.yahoo.com/table.csv?a=0&b=1&e=31&g=d&c=1998&d=11&f=1998&s=ALFAA.MX]}","content":"select * from csv(0,1) where url=@url"},{"execution-start-time":"36","execution-stop-time":"45","execution-time":"9","params":"{columnsNames=[<!doctype_html public \"-//W3C//DTD HTML 4.01//EN\" \"http://www.w3.org/TR/html4/strict.dtd\">], url=[http://ichart.finance.yahoo.com/table.csv?a=0&b=1&e=31&g=d&c=1998&d=11&f=1998&s=ALFAA.MX]}","content":"select * from csv(2,0) where url=@url and columns=@columnsNames"}],"csv":"Column mismatch: [<!doctype_html public \"-//W3C//DTD HTML 4.01//EN\" \"http://www.w3.org/TR/html4/strict.dtd\">] vs body {font:small/1.2em arial,helvetica,clean,sans-serif;font:x-small;text-align:center;}table {font-size:inherit;font:x-small;}","javascript":{"execution-start-time":"6","execution-stop-time":"45","execution-time":"39","instructions-used":"28569","table-name":"yahoo.finance.historicaldata"},"user-time":"45","service-time":"38","build-version":"0.2.311"},"results":null}}
AC.MX	http://query.yahooapis.com/v1/public/yql?q=select%20*%20from%20yahoo.finance.historicaldata%20where%20symbol%20in%20%28%22AC.MX%22%29%20and%20startDate=%221998-01-01%22%20and%20endDate=%221998-12-31%22&diagnostics=true&env=http://datatables.org/alltables.env&format=json	{"query":{"count":0,"created":"2015-11-10T09:11:31Z","lang":"en-US","diagnostics":{"url":[{"execution-start-time":"0","execution-stop-time":"5","execution-time":"5","proxy":"DEFAULT","content":"http://datatables.org/alltables.env"},{"execution-start-time":"5","execution-stop-time":"7","execution-time":"2","proxy":"DEFAULT","content":"http://www.datatables.org/yahoo/finance/yahoo.finance.historicaldata.xml"},{"execution-start-time":"11","execution-stop-time":"27","execution-time":"16","http-status-code":"404","http-status-message":"Not Found","proxy":"DEFAULT","content":"http://ichart.finance.yahoo.com/table.csv?a=0&b=1&e=31&g=d&c=1998&d=11&f=1998&s=AC.MX"},{"execution-start-time":"29","execution-stop-time":"41","execution-time":"12","http-status-code":"404","http-status-message":"Not Found","proxy":"DEFAULT","content":"http://ichart.finance.yahoo.com/table.csv?a=0&b=1&e=31&g=d&c=1998&d=11&f=1998&s=AC.MX"}],"publiclyCallable":"true","cache":[{"execution-start-time":"10","execution-stop-time":"10","execution-time":"0","method":"GET","type":"MEMCACHED","content":"7b2133ebd12d5fbd1c577e1aaaafa81c"},{"execution-start-time":"28","execution-stop-time":"28","execution-time":"0","method":"GET","type":"MEMCACHED","content":"994d4f650ecfb9584a13bebafcc284ad"}],"query":[{"execution-start-time":"10","execution-stop-time":"28","execution-time":"18","params":"{url=[http://ichart.finance.yahoo.com/table.csv?a=0&b=1&e=31&g=d&c=1998&d=11&f=1998&s=AC.MX]}","content":"select * from csv(0,1) where url=@url"},{"execution-start-time":"28","execution-stop-time":"41","execution-time":"13","params":"{columnsNames=[<!doctype_html public \"-//W3C//DTD HTML 4.01//EN\" \"http://www.w3.org/TR/html4/strict.dtd\">], url=[http://ichart.finance.yahoo.com/table.csv?a=0&b=1&e=31&g=d&c=1998&d=11&f=1998&s=AC.MX]}","content":"select * from csv(2,0) where url=@url and columns=@columnsNames"}],"csv":"Column mismatch: [<!doctype_html public \"-//W3C//DTD HTML 4.01//EN\" \"http://www.w3.org/TR/html4/strict.dtd\">] vs body {font:small/1.2em arial,helvetica,clean,sans-serif;font:x-small;text-align:center;}table {font-size:inherit;font:x-small;}","javascript":{"execution-start-time":"9","execution-stop-time":"41","execution-time":"32","instructions-used":"28569","table-name":"yahoo.finance.historicaldata"},"user-time":"41","service-time":"35","build-version":"0.2.311"},"results":null}}
IPC	http://query.yahooapis.com/v1/public/yql?q=select%20*%20from%20yahoo.finance.historicaldata%20where%20symbol%20in%20%28%22IPC%22%29%20and%20startDate=%221998-01-01%22%20and%20endDate=%221998-12-31%22&diagnostics=true&env=http://datatables.org/alltables.env&format=json	{"query":{"count":0,"created":"2015-11-10T09:11:33Z","lang":"en-US","diagnostics":{"url":[{"execution-start-time":"0","execution-stop-time":"2","execution-time":"2","proxy":"DEFAULT","content":"http://datatables.org/alltables.env"},{"execution-start-time":"2","execution-stop-time":"4","execution-time":"2","proxy":"DEFAULT","content":"http://www.datatables.org/yahoo/finance/yahoo.finance.historicaldata.xml"},{"execution-start-time":"8","execution-stop-time":"229","execution-time":"221","http-status-code":"404","http-status-message":"Not Found","proxy":"DEFAULT","content":"http://ichart.finance.yahoo.com/table.csv?a=0&b=1&e=31&g=d&c=1998&d=11&f=1998&s=IPC"},{"execution-start-time":"233","execution-stop-time":"246","execution-time":"13","http-status-code":"404","http-status-message":"Not Found","proxy":"DEFAULT","content":"http://ichart.finance.yahoo.com/table.csv?a=0&b=1&e=31&g=d&c=1998&d=11&f=1998&s=IPC"}],"publiclyCallable":"true","cache":[{"execution-start-time":"7","execution-stop-time":"8","execution-time":"1","method":"GET","type":"MEMCACHED","content":"a05b30590bb36e34e3ba79da739d5f14"},{"execution-start-time":"231","execution-stop-time":"232","execution-time":"1","method":"GET","type":"MEMCACHED","content":"882f1376649ce3a9ec7379045219394a"}],"query":[{"execution-start-time":"8","execution-stop-time":"231","execution-time":"223","params":"{url=[http://ichart.finance.yahoo.com/table.csv?a=0&b=1&e=31&g=d&c=1998&d=11&f=1998&s=IPC]}","content":"select * from csv(0,1) where url=@url"},{"execution-start-time":"232","execution-stop-time":"246","execution-time":"14","params":"{columnsNames=[<!doctype_html public \"-//W3C//DTD HTML 4.01//EN\" \"http://www.w3.org/TR/html4/strict.dtd\">], url=[http://ichart.finance.yahoo.com/table.csv?a=0&b=1&e=31&g=d&c=1998&d=11&f=1998&s=IPC]}","content":"select * from csv(2,0) where url=@url and columns=@columnsNames"}],"csv":"Column mismatch: [<!doctype_html public \"-//W3C//DTD HTML 4.01//EN\" \"http://www.w3.org/TR/html4/strict.dtd\">] vs body {font:small/1.2em arial,helvetica,clean,sans-serif;font:x-small;text-align:center;}table {font-size:inherit;font:x-small;}","javascript":{"execution-start-time":"6","execution-stop-time":"247","execution-time":"240","instructions-used":"28569","table-name":"yahoo.finance.historicaldata"},"user-time":"248","service-time":"240","build-version":"0.2.311"},"results":null}}
GRUMAB.MX	http://query.yahooapis.com/v1/public/yql?q=select%20*%20from%20yahoo.finance.historicaldata%20where%20symbol%20in%20%28%22GRUMAB.MX%22%29%20and%20startDate=%221998-01-01%22%20and%20endDate=%221998-12-31%22&diagnostics=true&env=http://datatables.org/alltables.env&format=json	{"query":{"count":0,"created":"2015-11-10T09:11:34Z","lang":"en-US","diagnostics":{"url":[{"execution-start-time":"0","execution-stop-time":"2","execution-time":"2","proxy":"DEFAULT","content":"http://datatables.org/alltables.env"},{"execution-start-time":"3","execution-stop-time":"5","execution-time":"2","proxy":"DEFAULT","content":"http://www.datatables.org/yahoo/finance/yahoo.finance.historicaldata.xml"},{"execution-start-time":"11","execution-stop-time":"123","execution-time":"112","http-status-code":"404","http-status-message":"Not Found","proxy":"DEFAULT","content":"http://ichart.finance.yahoo.com/table.csv?a=0&b=1&e=31&g=d&c=1998&d=11&f=1998&s=GRUMAB.MX"},{"execution-start-time":"127","execution-stop-time":"141","execution-time":"14","http-status-code":"404","http-status-message":"Not Found","proxy":"DEFAULT","content":"http://ichart.finance.yahoo.com/table.csv?a=0&b=1&e=31&g=d&c=1998&d=11&f=1998&s=GRUMAB.MX"}],"publiclyCallable":"true","cache":[{"execution-start-time":"10","execution-stop-time":"10","execution-time":"0","method":"GET","type":"MEMCACHED","content":"d339b5e2d421fe3ca9230bac2daa3c7c"},{"execution-start-time":"125","execution-stop-time":"126","execution-time":"1","method":"GET","type":"MEMCACHED","content":"c9ffcf789ee9bda141af1c1374365261"}],"query":[{"execution-start-time":"11","execution-stop-time":"125","execution-time":"114","params":"{url=[http://ichart.finance.yahoo.com/table.csv?a=0&b=1&e=31&g=d&c=1998&d=11&f=1998&s=GRUMAB.MX]}","content":"select * from csv(0,1) where url=@url"},{"execution-start-time":"126","execution-stop-time":"141","execution-time":"15","params":"{columnsNames=[<!doctype_html public \"-//W3C//DTD HTML 4.01//EN\" \"http://www.w3.org/TR/html4/strict.dtd\">], url=[http://ichart.finance.yahoo.com/table.csv?a=0&b=1&e=31&g=d&c=1998&d=11&f=1998&s=GRUMAB.MX]}","content":"select * from csv(2,0) where url=@url and columns=@columnsNames"}],"csv":"Column mismatch: [<!doctype_html public \"-//W3C//DTD HTML 4.01//EN\" \"http://www.w3.org/TR/html4/strict.dtd\">] vs body {font:small/1.2em arial,helvetica,clean,sans-serif;font:x-small;text-align:center;}table {font-size:inherit;font:x-small;}","javascript":{"execution-start-time":"8","execution-stop-time":"142","execution-time":"133","instructions-used":"28569","table-name":"yahoo.finance.historicaldata"},"user-time":"143","service-time":"131","build-version":"0.2.311"},"results":null}}
GMEXICOB.MX	http://query.yahooapis.com/v1/public/yql?q=select%20*%20from%20yahoo.finance.historicaldata%20where%20symbol%20in%20%28%22GMEXICOB.MX%22%29%20and%20startDate=%221998-01-01%22%20and%20endDate=%221998-12-31%22&diagnostics=true&env=http://datatables.org/alltables.env&format=json	{"query":{"count":0,"created":"2015-11-10T09:11:35Z","lang":"en-US","diagnostics":{"url":[{"execution-start-time":"0","execution-stop-time":"2","execution-time":"2","proxy":"DEFAULT","content":"http://datatables.org/alltables.env"},{"execution-start-time":"2","execution-stop-time":"4","execution-time":"2","proxy":"DEFAULT","content":"http://www.datatables.org/yahoo/finance/yahoo.finance.historicaldata.xml"},{"execution-start-time":"8","execution-stop-time":"19","execution-time":"11","http-status-code":"404","http-status-message":"Not Found","proxy":"DEFAULT","content":"http://ichart.finance.yahoo.com/table.csv?a=0&b=1&e=31&g=d&c=1998&d=11&f=1998&s=GMEXICOB.MX"},{"execution-start-time":"22","execution-stop-time":"32","execution-time":"10","http-status-code":"404","http-status-message":"Not Found","proxy":"DEFAULT","content":"http://ichart.finance.yahoo.com/table.csv?a=0&b=1&e=31&g=d&c=1998&d=11&f=1998&s=GMEXICOB.MX"}],"publiclyCallable":"true","cache":[{"execution-start-time":"7","execution-stop-time":"8","execution-time":"1","method":"GET","type":"MEMCACHED","content":"f1d4d7e62a30c54c0e35c779ae242dda"},{"execution-start-time":"21","execution-stop-time":"22","execution-time":"1","method":"GET","type":"MEMCACHED","content":"4a8039050f1c5bd2cfafcc33d4c9958d"}],"query":[{"execution-start-time":"8","execution-stop-time":"21","execution-time":"13","params":"{url=[http://ichart.finance.yahoo.com/table.csv?a=0&b=1&e=31&g=d&c=1998&d=11&f=1998&s=GMEXICOB.MX]}","content":"select * from csv(0,1) where url=@url"},{"execution-start-time":"22","execution-stop-time":"32","execution-time":"10","params":"{columnsNames=[<!doctype_html public \"-//W3C//DTD HTML 4.01//EN\" \"http://www.w3.org/TR/html4/strict.dtd\">], url=[http://ichart.finance.yahoo.com/table.csv?a=0&b=1&e=31&g=d&c=1998&d=11&f=1998&s=GMEXICOB.MX]}","content":"select * from csv(2,0) where url=@url and columns=@columnsNames"}],"csv":"Column mismatch: [<!doctype_html public \"-//W3C//DTD HTML 4.01//EN\" \"http://www.w3.org/TR/html4/strict.dtd\">] vs body {font:small/1.2em arial,helvetica,clean,sans-serif;font:x-small;text-align:center;}table {font-size:inherit;font:x-small;}","javascript":{"execution-start-time":"6","execution-stop-time":"32","execution-time":"26","instructions-used":"28569","table-name":"yahoo.finance.historicaldata"},"user-time":"33","service-time":"27","build-version":"0.2.311"},"results":null}}
GFREGIOO.MX	http://query.yahooapis.com/v1/public/yql?q=select%20*%20from%20yahoo.finance.historicaldata%20where%20symbol%20in%20%28%22GFREGIOO.MX%22%29%20and%20startDate=%221998-01-01%22%20and%20endDate=%221998-12-31%22&diagnostics=true&env=http://datatables.org/alltables.env&format=json	{"query":{"count":0,"created":"2015-11-10T09:11:49Z","lang":"en-US","diagnostics":{"url":[{"execution-start-time":"0","execution-stop-time":"3","execution-time":"3","proxy":"DEFAULT","content":"http://datatables.org/alltables.env"},{"execution-start-time":"3","execution-stop-time":"5","execution-time":"2","proxy":"DEFAULT","content":"http://www.datatables.org/yahoo/finance/yahoo.finance.historicaldata.xml"},{"execution-start-time":"10","execution-stop-time":"182","execution-time":"172","http-status-code":"404","http-status-message":"Not Found","proxy":"DEFAULT","content":"http://ichart.finance.yahoo.com/table.csv?a=0&b=1&e=31&g=d&c=1998&d=11&f=1998&s=GFREGIOO.MX"},{"execution-start-time":"185","execution-stop-time":"211","execution-time":"26","http-status-code":"404","http-status-message":"Not Found","proxy":"DEFAULT","content":"http://ichart.finance.yahoo.com/table.csv?a=0&b=1&e=31&g=d&c=1998&d=11&f=1998&s=GFREGIOO.MX"}],"publiclyCallable":"true","cache":[{"execution-start-time":"9","execution-stop-time":"9","execution-time":"0","method":"GET","type":"MEMCACHED","content":"1a23a5e2fb71e9c8d4ad8b9663e415c4"},{"execution-start-time":"184","execution-stop-time":"184","execution-time":"0","method":"GET","type":"MEMCACHED","content":"f1de3eafdb503d8acca12f7521c312e7"}],"query":[{"execution-start-time":"9","execution-stop-time":"184","execution-time":"175","params":"{url=[http://ichart.finance.yahoo.com/table.csv?a=0&b=1&e=31&g=d&c=1998&d=11&f=1998&s=GFREGIOO.MX]}","content":"select * from csv(0,1) where url=@url"},{"execution-start-time":"185","execution-stop-time":"211","execution-time":"26","params":"{columnsNames=[<!doctype_html public \"-//W3C//DTD HTML 4.01//EN\" \"http://www.w3.org/TR/html4/strict.dtd\">], url=[http://ichart.finance.yahoo.com/table.csv?a=0&b=1&e=31&g=d&c=1998&d=11&f=1998&s=GFREGIOO.MX]}","content":"select * from csv(2,0) where url=@url and columns=@columnsNames"}],"csv":"Column mismatch: [<!doctype_html public \"-//W3C//DTD HTML 4.01//EN\" \"http://www.w3.org/TR/html4/strict.dtd\">] vs body {font:small/1.2em arial,helvetica,clean,sans-serif;font:x-small;text-align:center;}table {font-size:inherit;font:x-small;}","javascript":{"execution-start-time":"7","execution-stop-time":"211","execution-time":"203","instructions-used":"28569","table-name":"yahoo.finance.historicaldata"},"user-time":"212","service-time":"203","build-version":"0.2.311"},"results":null}}
GFNORTEO.MX	http://query.yahooapis.com/v1/public/yql?q=select%20*%20from%20yahoo.finance.historicaldata%20where%20symbol%20in%20%28%22GFNORTEO.MX%22%29%20and%20startDate=%221998-01-01%22%20and%20endDate=%221998-12-31%22&diagnostics=true&env=http://datatables.org/alltables.env&format=json	{"query":{"count":0,"created":"2015-11-10T09:11:51Z","lang":"en-US","diagnostics":{"url":[{"execution-start-time":"0","execution-stop-time":"2","execution-time":"2","proxy":"DEFAULT","content":"http://datatables.org/alltables.env"},{"execution-start-time":"2","execution-stop-time":"5","execution-time":"3","proxy":"DEFAULT","content":"http://www.datatables.org/yahoo/finance/yahoo.finance.historicaldata.xml"},{"execution-start-time":"8","execution-stop-time":"18","execution-time":"10","http-status-code":"404","http-status-message":"Not Found","proxy":"DEFAULT","content":"http://ichart.finance.yahoo.com/table.csv?a=0&b=1&e=31&g=d&c=1998&d=11&f=1998&s=GFNORTEO.MX"},{"execution-start-time":"21","execution-stop-time":"30","execution-time":"9","http-status-code":"404","http-status-message":"Not Found","proxy":"DEFAULT","content":"http://ichart.finance.yahoo.com/table.csv?a=0&b=1&e=31&g=d&c=1998&d=11&f=1998&s=GFNORTEO.MX"}],"publiclyCallable":"true","cache":[{"execution-start-time":"7","execution-stop-time":"7","execution-time":"0","method":"GET","type":"MEMCACHED","content":"f6cdfc71056c9f08ae8050150254e6a9"},{"execution-start-time":"20","execution-stop-time":"20","execution-time":"0","method":"GET","type":"MEMCACHED","content":"61137cebfa6f9cad9cfca5bb9f4edba4"}],"query":[{"execution-start-time":"7","execution-stop-time":"19","execution-time":"12","params":"{url=[http://ichart.finance.yahoo.com/table.csv?a=0&b=1&e=31&g=d&c=1998&d=11&f=1998&s=GFNORTEO.MX]}","content":"select * from csv(0,1) where url=@url"},{"execution-start-time":"20","execution-stop-time":"30","execution-time":"10","params":"{columnsNames=[<!doctype_html public \"-//W3C//DTD HTML 4.01//EN\" \"http://www.w3.org/TR/html4/strict.dtd\">], url=[http://ichart.finance.yahoo.com/table.csv?a=0&b=1&e=31&g=d&c=1998&d=11&f=1998&s=GFNORTEO.MX]}","content":"select * from csv(2,0) where url=@url and columns=@columnsNames"}],"csv":"Column mismatch: [<!doctype_html public \"-//W3C//DTD HTML 4.01//EN\" \"http://www.w3.org/TR/html4/strict.dtd\">] vs body {font:small/1.2em arial,helvetica,clean,sans-serif;font:x-small;text-align:center;}table {font-size:inherit;font:x-small;}","javascript":{"execution-start-time":"6","execution-stop-time":"30","execution-time":"24","instructions-used":"28569","table-name":"yahoo.finance.historicaldata"},"user-time":"31","service-time":"24","build-version":"0.2.311"},"results":null}}
GFINBURO.MX	http://query.yahooapis.com/v1/public/yql?q=select%20*%20from%20yahoo.finance.historicaldata%20where%20symbol%20in%20%28%22GFINBURO.MX%22%29%20and%20startDate=%221998-01-01%22%20and%20endDate=%221998-12-31%22&diagnostics=true&env=http://datatables.org/alltables.env&format=json	{"query":{"count":0,"created":"2015-11-10T09:11:53Z","lang":"en-US","diagnostics":{"url":[{"execution-start-time":"0","execution-stop-time":"2","execution-time":"2","proxy":"DEFAULT","content":"http://datatables.org/alltables.env"},{"execution-start-time":"2","execution-stop-time":"4","execution-time":"2","proxy":"DEFAULT","content":"http://www.datatables.org/yahoo/finance/yahoo.finance.historicaldata.xml"},{"execution-start-time":"8","execution-stop-time":"18","execution-time":"10","http-status-code":"404","http-status-message":"Not Found","proxy":"DEFAULT","content":"http://ichart.finance.yahoo.com/table.csv?a=0&b=1&e=31&g=d&c=1998&d=11&f=1998&s=GFINBURO.MX"},{"execution-start-time":"20","execution-stop-time":"293","execution-time":"273","http-status-code":"404","http-status-message":"Not Found","proxy":"DEFAULT","content":"http://ichart.finance.yahoo.com/table.csv?a=0&b=1&e=31&g=d&c=1998&d=11&f=1998&s=GFINBURO.MX"}],"publiclyCallable":"true","cache":[{"execution-start-time":"7","execution-stop-time":"8","execution-time":"1","method":"GET","type":"MEMCACHED","content":"b395d18e9eef339841218e4367b8e83c"},{"execution-start-time":"19","execution-stop-time":"20","execution-time":"1","method":"GET","type":"MEMCACHED","content":"f2fc40d9c9f07f86bf4ec5e3d9c54ae8"}],"query":[{"execution-start-time":"8","execution-stop-time":"19","execution-time":"11","params":"{url=[http://ichart.finance.yahoo.com/table.csv?a=0&b=1&e=31&g=d&c=1998&d=11&f=1998&s=GFINBURO.MX]}","content":"select * from csv(0,1) where url=@url"},{"execution-start-time":"20","execution-stop-time":"293","execution-time":"273","params":"{columnsNames=[<!doctype_html public \"-//W3C//DTD HTML 4.01//EN\" \"http://www.w3.org/TR/html4/strict.dtd\">], url=[http://ichart.finance.yahoo.com/table.csv?a=0&b=1&e=31&g=d&c=1998&d=11&f=1998&s=GFINBURO.MX]}","content":"select * from csv(2,0) where url=@url and columns=@columnsNames"}],"csv":"Column mismatch: [<!doctype_html public \"-//W3C//DTD HTML 4.01//EN\" \"http://www.w3.org/TR/html4/strict.dtd\">] vs body {font:small/1.2em arial,helvetica,clean,sans-serif;font:x-small;text-align:center;}table {font-size:inherit;font:x-small;}","javascript":{"execution-start-time":"6","execution-stop-time":"293","execution-time":"286","instructions-used":"28569","table-name":"yahoo.finance.historicaldata"},"user-time":"294","service-time":"289","build-version":"0.2.311"},"results":null}}
GENTERA.MX	http://query.yahooapis.com/v1/public/yql?q=select%20*%20from%20yahoo.finance.historicaldata%20where%20symbol%20in%20%28%22GENTERA.MX%22%29%20and%20startDate=%221998-01-01%22%20and%20endDate=%221998-12-31%22&diagnostics=true&env=http://datatables.org/alltables.env&format=json	{"query":{"count":0,"created":"2015-11-10T09:11:55Z","lang":"en-US","diagnostics":{"url":[{"execution-start-time":"1","execution-stop-time":"2","execution-time":"1","proxy":"DEFAULT","content":"http://datatables.org/alltables.env"},{"execution-start-time":"3","execution-stop-time":"5","execution-time":"2","proxy":"DEFAULT","content":"http://www.datatables.org/yahoo/finance/yahoo.finance.historicaldata.xml"},{"execution-start-time":"9","execution-stop-time":"48","execution-time":"39","http-status-code":"404","http-status-message":"Not Found","proxy":"DEFAULT","content":"http://ichart.finance.yahoo.com/table.csv?a=0&b=1&e=31&g=d&c=1998&d=11&f=1998&s=GENTERA.MX"},{"execution-start-time":"51","execution-stop-time":"59","execution-time":"8","http-status-code":"404","http-status-message":"Not Found","proxy":"DEFAULT","content":"http://ichart.finance.yahoo.com/table.csv?a=0&b=1&e=31&g=d&c=1998&d=11&f=1998&s=GENTERA.MX"}],"publiclyCallable":"true","cache":[{"execution-start-time":"8","execution-stop-time":"9","execution-time":"1","method":"GET","type":"MEMCACHED","content":"28b6104b744cd4182cd94c20d3e4323e"},{"execution-start-time":"50","execution-stop-time":"50","execution-time":"0","method":"GET","type":"MEMCACHED","content":"5f788de839ee637836232cdfe801d64d"}],"query":[{"execution-start-time":"9","execution-stop-time":"50","execution-time":"41","params":"{url=[http://ichart.finance.yahoo.com/table.csv?a=0&b=1&e=31&g=d&c=1998&d=11&f=1998&s=GENTERA.MX]}","content":"select * from csv(0,1) where url=@url"},{"execution-start-time":"50","execution-stop-time":"60","execution-time":"10","params":"{columnsNames=[<!doctype_html public \"-//W3C//DTD HTML 4.01//EN\" \"http://www.w3.org/TR/html4/strict.dtd\">], url=[http://ichart.finance.yahoo.com/table.csv?a=0&b=1&e=31&g=d&c=1998&d=11&f=1998&s=GENTERA.MX]}","content":"select * from csv(2,0) where url=@url and columns=@columnsNames"}],"csv":"Column mismatch: [<!doctype_html public \"-//W3C//DTD HTML 4.01//EN\" \"http://www.w3.org/TR/html4/strict.dtd\">] vs body {font:small/1.2em arial,helvetica,clean,sans-serif;font:x-small;text-align:center;}table {font-size:inherit;font:x-small;}","javascript":{"execution-start-time":"6","execution-stop-time":"59","execution-time":"52","instructions-used":"28569","table-name":"yahoo.finance.historicaldata"},"user-time":"60","service-time":"51","build-version":"0.2.311"},"results":null}}
GCARSOA1.MX	http://query.yahooapis.com/v1/public/yql?q=select%20*%20from%20yahoo.finance.historicaldata%20where%20symbol%20in%20%28%22GCARSOA1.MX%22%29%20and%20startDate=%221998-01-01%22%20and%20endDate=%221998-12-31%22&diagnostics=true&env=http://datatables.org/alltables.env&format=json	{"query":{"count":0,"created":"2015-11-10T09:11:56Z","lang":"en-US","diagnostics":{"url":[{"execution-start-time":"0","execution-stop-time":"2","execution-time":"2","proxy":"DEFAULT","content":"http://www.datatables.org/yahoo/finance/yahoo.finance.historicaldata.xml"},{"execution-start-time":"6","execution-stop-time":"15","execution-time":"9","http-status-code":"404","http-status-message":"Not Found","proxy":"DEFAULT","content":"http://ichart.finance.yahoo.com/table.csv?a=0&b=1&e=31&g=d&c=1998&d=11&f=1998&s=GCARSOA1.MX"},{"execution-start-time":"18","execution-stop-time":"159","execution-time":"141","http-status-code":"404","http-status-message":"Not Found","proxy":"DEFAULT","content":"http://ichart.finance.yahoo.com/table.csv?a=0&b=1&e=31&g=d&c=1998&d=11&f=1998&s=GCARSOA1.MX"}],"publiclyCallable":"true","cache":[{"execution-start-time":"5","execution-stop-time":"5","execution-time":"0","method":"GET","type":"MEMCACHED","content":"a44a1a4a1621beb3ba415d1a66e7e39d"},{"execution-start-time":"17","execution-stop-time":"17","execution-time":"0","method":"GET","type":"MEMCACHED","content":"1592e8cd2aa347f5c320d34822c18600"}],"query":[{"execution-start-time":"5","execution-stop-time":"17","execution-time":"12","params":"{url=[http://ichart.finance.yahoo.com/table.csv?a=0&b=1&e=31&g=d&c=1998&d=11&f=1998&s=GCARSOA1.MX]}","content":"select * from csv(0,1) where url=@url"},{"execution-start-time":"17","execution-stop-time":"159","execution-time":"142","params":"{columnsNames=[<!doctype_html public \"-//W3C//DTD HTML 4.01//EN\" \"http://www.w3.org/TR/html4/strict.dtd\">], url=[http://ichart.finance.yahoo.com/table.csv?a=0&b=1&e=31&g=d&c=1998&d=11&f=1998&s=GCARSOA1.MX]}","content":"select * from csv(2,0) where url=@url and columns=@columnsNames"}],"csv":"Column mismatch: [<!doctype_html public \"-//W3C//DTD HTML 4.01//EN\" \"http://www.w3.org/TR/html4/strict.dtd\">] vs body {font:small/1.2em arial,helvetica,clean,sans-serif;font:x-small;text-align:center;}table {font-size:inherit;font:x-small;}","javascript":{"execution-start-time":"4","execution-stop-time":"159","execution-time":"155","instructions-used":"28569","table-name":"yahoo.finance.historicaldata"},"user-time":"159","service-time":"152","build-version":"0.2.311"},"results":null}}
GAPB.MX	http://query.yahooapis.com/v1/public/yql?q=select%20*%20from%20yahoo.finance.historicaldata%20where%20symbol%20in%20%28%22GAPB.MX%22%29%20and%20startDate=%221998-01-01%22%20and%20endDate=%221998-12-31%22&diagnostics=true&env=http://datatables.org/alltables.env&format=json	{"query":{"count":0,"created":"2015-11-10T09:11:57Z","lang":"en-US","diagnostics":{"url":[{"execution-start-time":"1","execution-stop-time":"2","execution-time":"1","proxy":"DEFAULT","content":"http://datatables.org/alltables.env"},{"execution-start-time":"3","execution-stop-time":"5","execution-time":"2","proxy":"DEFAULT","content":"http://www.datatables.org/yahoo/finance/yahoo.finance.historicaldata.xml"},{"execution-start-time":"8","execution-stop-time":"49","execution-time":"41","http-status-code":"404","http-status-message":"Not Found","proxy":"DEFAULT","content":"http://ichart.finance.yahoo.com/table.csv?a=0&b=1&e=31&g=d&c=1998&d=11&f=1998&s=GAPB.MX"},{"execution-start-time":"52","execution-stop-time":"62","execution-time":"10","http-status-code":"404","http-status-message":"Not Found","proxy":"DEFAULT","content":"http://ichart.finance.yahoo.com/table.csv?a=0&b=1&e=31&g=d&c=1998&d=11&f=1998&s=GAPB.MX"}],"publiclyCallable":"true","cache":[{"execution-start-time":"7","execution-stop-time":"8","execution-time":"1","method":"GET","type":"MEMCACHED","content":"c6062d4013003636fb61e348c6c8c2be"},{"execution-start-time":"51","execution-stop-time":"51","execution-time":"0","method":"GET","type":"MEMCACHED","content":"dddd71184e66bd529596a15e94840479"}],"query":[{"execution-start-time":"8","execution-stop-time":"51","execution-time":"43","params":"{url=[http://ichart.finance.yahoo.com/table.csv?a=0&b=1&e=31&g=d&c=1998&d=11&f=1998&s=GAPB.MX]}","content":"select * from csv(0,1) where url=@url"},{"execution-start-time":"51","execution-stop-time":"63","execution-time":"12","params":"{columnsNames=[<!doctype_html public \"-//W3C//DTD HTML 4.01//EN\" \"http://www.w3.org/TR/html4/strict.dtd\">], url=[http://ichart.finance.yahoo.com/table.csv?a=0&b=1&e=31&g=d&c=1998&d=11&f=1998&s=GAPB.MX]}","content":"select * from csv(2,0) where url=@url and columns=@columnsNames"}],"csv":"Column mismatch: [<!doctype_html public \"-//W3C//DTD HTML 4.01//EN\" \"http://www.w3.org/TR/html4/strict.dtd\">] vs body {font:small/1.2em arial,helvetica,clean,sans-serif;font:x-small;text-align:center;}table {font-size:inherit;font:x-small;}","javascript":{"execution-start-time":"6","execution-stop-time":"62","execution-time":"56","instructions-used":"28569","table-name":"yahoo.finance.historicaldata"},"user-time":"63","service-time":"55","build-version":"0.2.311"},"results":null}}
FEMSAUBD.MX	http://query.yahooapis.com/v1/public/yql?q=select%20*%20from%20yahoo.finance.historicaldata%20where%20symbol%20in%20%28%22FEMSAUBD.MX%22%29%20and%20startDate=%221998-01-01%22%20and%20endDate=%221998-12-31%22&diagnostics=true&env=http://datatables.org/alltables.env&format=json	{"query":{"count":0,"created":"2015-11-10T09:12:00Z","lang":"en-US","diagnostics":{"url":[{"execution-start-time":"1","execution-stop-time":"2","execution-time":"1","proxy":"DEFAULT","content":"http://datatables.org/alltables.env"},{"execution-start-time":"3","execution-stop-time":"5","execution-time":"2","proxy":"DEFAULT","content":"http://www.datatables.org/yahoo/finance/yahoo.finance.historicaldata.xml"},{"execution-start-time":"8","execution-stop-time":"21","execution-time":"13","http-status-code":"404","http-status-message":"Not Found","proxy":"DEFAULT","content":"http://ichart.finance.yahoo.com/table.csv?a=0&b=1&e=31&g=d&c=1998&d=11&f=1998&s=FEMSAUBD.MX"},{"execution-start-time":"23","execution-stop-time":"36","execution-time":"13","http-status-code":"404","http-status-message":"Not Found","proxy":"DEFAULT","content":"http://ichart.finance.yahoo.com/table.csv?a=0&b=1&e=31&g=d&c=1998&d=11&f=1998&s=FEMSAUBD.MX"}],"publiclyCallable":"true","cache":[{"execution-start-time":"7","execution-stop-time":"8","execution-time":"1","method":"GET","type":"MEMCACHED","content":"414607381e4a5c8831563d8a025d2689"},{"execution-start-time":"22","execution-stop-time":"23","execution-time":"1","method":"GET","type":"MEMCACHED","content":"eddc1e683109affc2a82aad18e253fbd"}],"query":[{"execution-start-time":"8","execution-stop-time":"22","execution-time":"14","params":"{url=[http://ichart.finance.yahoo.com/table.csv?a=0&b=1&e=31&g=d&c=1998&d=11&f=1998&s=FEMSAUBD.MX]}","content":"select * from csv(0,1) where url=@url"},{"execution-start-time":"23","execution-stop-time":"36","execution-time":"13","params":"{columnsNames=[<!doctype_html public \"-//W3C//DTD HTML 4.01//EN\" \"http://www.w3.org/TR/html4/strict.dtd\">], url=[http://ichart.finance.yahoo.com/table.csv?a=0&b=1&e=31&g=d&c=1998&d=11&f=1998&s=FEMSAUBD.MX]}","content":"select * from csv(2,0) where url=@url and columns=@columnsNames"}],"csv":"Column mismatch: [<!doctype_html public \"-//W3C//DTD HTML 4.01//EN\" \"http://www.w3.org/TR/html4/strict.dtd\">] vs body {font:small/1.2em arial,helvetica,clean,sans-serif;font:x-small;text-align:center;}table {font-size:inherit;font:x-small;}","javascript":{"execution-start-time":"6","execution-stop-time":"36","execution-time":"29","instructions-used":"28569","table-name":"yahoo.finance.historicaldata"},"user-time":"36","service-time":"31","build-version":"0.2.311"},"results":null}}
ELEKTRA.MX	http://query.yahooapis.com/v1/public/yql?q=select%20*%20from%20yahoo.finance.historicaldata%20where%20symbol%20in%20%28%22ELEKTRA.MX%22%29%20and%20startDate=%221998-01-01%22%20and%20endDate=%221998-12-31%22&diagnostics=true&env=http://datatables.org/alltables.env&format=json	{"query":{"count":0,"created":"2015-11-10T09:12:01Z","lang":"en-US","diagnostics":{"url":[{"execution-start-time":"0","execution-stop-time":"3","execution-time":"3","proxy":"DEFAULT","content":"http://datatables.org/alltables.env"},{"execution-start-time":"4","execution-stop-time":"7","execution-time":"3","proxy":"DEFAULT","content":"http://www.datatables.org/yahoo/finance/yahoo.finance.historicaldata.xml"},{"execution-start-time":"14","execution-stop-time":"23","execution-time":"9","http-status-code":"404","http-status-message":"Not Found","proxy":"DEFAULT","content":"http://ichart.finance.yahoo.com/table.csv?a=0&b=1&e=31&g=d&c=1998&d=11&f=1998&s=ELEKTRA.MX"},{"execution-start-time":"26","execution-stop-time":"35","execution-time":"9","http-status-code":"404","http-status-message":"Not Found","proxy":"DEFAULT","content":"http://ichart.finance.yahoo.com/table.csv?a=0&b=1&e=31&g=d&c=1998&d=11&f=1998&s=ELEKTRA.MX"}],"publiclyCallable":"true","cache":[{"execution-start-time":"12","execution-stop-time":"13","execution-time":"1","method":"GET","type":"MEMCACHED","content":"3b0174b6f29edfd5e6be6ef80dcf3c75"},{"execution-start-time":"25","execution-stop-time":"25","execution-time":"0","method":"GET","type":"MEMCACHED","content":"c3c7d3e64aac52df4c923e6c20639262"}],"query":[{"execution-start-time":"13","execution-stop-time":"25","execution-time":"12","params":"{url=[http://ichart.finance.yahoo.com/table.csv?a=0&b=1&e=31&g=d&c=1998&d=11&f=1998&s=ELEKTRA.MX]}","content":"select * from csv(0,1) where url=@url"},{"execution-start-time":"25","execution-stop-time":"35","execution-time":"10","params":"{columnsNames=[<!doctype_html public \"-//W3C//DTD HTML 4.01//EN\" \"http://www.w3.org/TR/html4/strict.dtd\">], url=[http://ichart.finance.yahoo.com/table.csv?a=0&b=1&e=31&g=d&c=1998&d=11&f=1998&s=ELEKTRA.MX]}","content":"select * from csv(2,0) where url=@url and columns=@columnsNames"}],"csv":"Column mismatch: [<!doctype_html public \"-//W3C//DTD HTML 4.01//EN\" \"http://www.w3.org/TR/html4/strict.dtd\">] vs body {font:small/1.2em arial,helvetica,clean,sans-serif;font:x-small;text-align:center;}table {font-size:inherit;font:x-small;}","javascript":{"execution-start-time":"11","execution-stop-time":"36","execution-time":"24","instructions-used":"28569","table-name":"yahoo.finance.historicaldata"},"user-time":"39","service-time":"25","build-version":"0.2.311"},"results":null}}
WALMEX.MX	http://query.yahooapis.com/v1/public/yql?q=select%20*%20from%20yahoo.finance.historicaldata%20where%20symbol%20in%20%28%22WALMEX.MX%22%29%20and%20startDate=%221998-01-01%22%20and%20endDate=%221998-12-31%22&diagnostics=true&env=http://datatables.org/alltables.env&format=json	{"query":{"count":0,"created":"2015-11-10T09:12:02Z","lang":"en-US","diagnostics":{"url":[{"execution-start-time":"0","execution-stop-time":"2","execution-time":"2","proxy":"DEFAULT","content":"http://datatables.org/alltables.env"},{"execution-start-time":"3","execution-stop-time":"5","execution-time":"2","proxy":"DEFAULT","content":"http://www.datatables.org/yahoo/finance/yahoo.finance.historicaldata.xml"},{"execution-start-time":"10","execution-stop-time":"20","execution-time":"10","http-status-code":"404","http-status-message":"Not Found","proxy":"DEFAULT","content":"http://ichart.finance.yahoo.com/table.csv?a=0&b=1&e=31&g=d&c=1998&d=11&f=1998&s=WALMEX.MX"},{"execution-start-time":"23","execution-stop-time":"32","execution-time":"9","http-status-code":"404","http-status-message":"Not Found","proxy":"DEFAULT","content":"http://ichart.finance.yahoo.com/table.csv?a=0&b=1&e=31&g=d&c=1998&d=11&f=1998&s=WALMEX.MX"}],"publiclyCallable":"true","cache":[{"execution-start-time":"9","execution-stop-time":"9","execution-time":"0","method":"GET","type":"MEMCACHED","content":"9740aa0b285deb811e9448c1a17cadd9"},{"execution-start-time":"22","execution-stop-time":"23","execution-time":"1","method":"GET","type":"MEMCACHED","content":"663d7c6e1b5c1b30ce370f6d57f06665"}],"query":[{"execution-start-time":"9","execution-stop-time":"22","execution-time":"13","params":"{url=[http://ichart.finance.yahoo.com/table.csv?a=0&b=1&e=31&g=d&c=1998&d=11&f=1998&s=WALMEX.MX]}","content":"select * from csv(0,1) where url=@url"},{"execution-start-time":"23","execution-stop-time":"33","execution-time":"10","params":"{columnsNames=[<!doctype_html public \"-//W3C//DTD HTML 4.01//EN\" \"http://www.w3.org/TR/html4/strict.dtd\">], url=[http://ichart.finance.yahoo.com/table.csv?a=0&b=1&e=31&g=d&c=1998&d=11&f=1998&s=WALMEX.MX]}","content":"select * from csv(2,0) where url=@url and columns=@columnsNames"}],"csv":"Column mismatch: [<!doctype_html public \"-//W3C//DTD HTML 4.01//EN\" \"http://www.w3.org/TR/html4/strict.dtd\">] vs body {font:small/1.2em arial,helvetica,clean,sans-serif;font:x-small;text-align:center;}table {font-size:inherit;font:x-small;}","javascript":{"execution-start-time":"7","execution-stop-time":"33","execution-time":"25","instructions-used":"28569","table-name":"yahoo.finance.historicaldata"},"user-time":"33","service-time":"24","build-version":"0.2.311"},"results":null}}
TLEVISACPO.MX	http://query.yahooapis.com/v1/public/yql?q=select%20*%20from%20yahoo.finance.historicaldata%20where%20symbol%20in%20%28%22TLEVISACPO.MX%22%29%20and%20startDate=%221998-01-01%22%20and%20endDate=%221998-12-31%22&diagnostics=true&env=http://datatables.org/alltables.env&format=json	{"query":{"count":0,"created":"2015-11-10T09:12:04Z","lang":"en-US","diagnostics":{"url":[{"execution-start-time":"0","execution-stop-time":"2","execution-time":"2","proxy":"DEFAULT","content":"http://datatables.org/alltables.env"},{"execution-start-time":"3","execution-stop-time":"5","execution-time":"2","proxy":"DEFAULT","content":"http://www.datatables.org/yahoo/finance/yahoo.finance.historicaldata.xml"},{"execution-start-time":"9","execution-stop-time":"19","execution-time":"10","http-status-code":"404","http-status-message":"Not Found","proxy":"DEFAULT","content":"http://ichart.finance.yahoo.com/table.csv?a=0&b=1&e=31&g=d&c=1998&d=11&f=1998&s=TLEVISACPO.MX"},{"execution-start-time":"22","execution-stop-time":"75","execution-time":"53","http-status-code":"404","http-status-message":"Not Found","proxy":"DEFAULT","content":"http://ichart.finance.yahoo.com/table.csv?a=0&b=1&e=31&g=d&c=1998&d=11&f=1998&s=TLEVISACPO.MX"}],"publiclyCallable":"true","cache":[{"execution-start-time":"8","execution-stop-time":"9","execution-time":"1","method":"GET","type":"MEMCACHED","content":"6b98845c1cf1c89605846694f4bef63e"},{"execution-start-time":"21","execution-stop-time":"21","execution-time":"0","method":"GET","type":"MEMCACHED","content":"8db3d70d2630d68b947c9e9650ed82c7"}],"query":[{"execution-start-time":"9","execution-stop-time":"21","execution-time":"12","params":"{url=[http://ichart.finance.yahoo.com/table.csv?a=0&b=1&e=31&g=d&c=1998&d=11&f=1998&s=TLEVISACPO.MX]}","content":"select * from csv(0,1) where url=@url"},{"execution-start-time":"21","execution-stop-time":"76","execution-time":"55","params":"{columnsNames=[<!doctype_html public \"-//W3C//DTD HTML 4.01//EN\" \"http://www.w3.org/TR/html4/strict.dtd\">], url=[http://ichart.finance.yahoo.com/table.csv?a=0&b=1&e=31&g=d&c=1998&d=11&f=1998&s=TLEVISACPO.MX]}","content":"select * from csv(2,0) where url=@url and columns=@columnsNames"}],"csv":"Column mismatch: [<!doctype_html public \"-//W3C//DTD HTML 4.01//EN\" \"http://www.w3.org/TR/html4/strict.dtd\">] vs body {font:small/1.2em arial,helvetica,clean,sans-serif;font:x-small;text-align:center;}table {font-size:inherit;font:x-small;}","javascript":{"execution-start-time":"7","execution-stop-time":"75","execution-time":"68","instructions-used":"28569","table-name":"yahoo.finance.historicaldata"},"user-time":"76","service-time":"68","build-version":"0.2.311"},"results":null}}
SIMECB.MX	http://query.yahooapis.com/v1/public/yql?q=select%20*%20from%20yahoo.finance.historicaldata%20where%20symbol%20in%20%28%22SIMECB.MX%22%29%20and%20startDate=%221998-01-01%22%20and%20endDate=%221998-12-31%22&diagnostics=true&env=http://datatables.org/alltables.env&format=json	{"query":{"count":0,"created":"2015-11-10T09:12:05Z","lang":"en-US","diagnostics":{"url":[{"execution-start-time":"0","execution-stop-time":"2","execution-time":"2","proxy":"DEFAULT","content":"http://datatables.org/alltables.env"},{"execution-start-time":"2","execution-stop-time":"5","execution-time":"3","proxy":"DEFAULT","content":"http://www.datatables.org/yahoo/finance/yahoo.finance.historicaldata.xml"},{"execution-start-time":"12","execution-stop-time":"192","execution-time":"180","http-status-code":"404","http-status-message":"Not Found","proxy":"DEFAULT","content":"http://ichart.finance.yahoo.com/table.csv?a=0&b=1&e=31&g=d&c=1998&d=11&f=1998&s=SIMECB.MX"},{"execution-start-time":"196","execution-stop-time":"204","execution-time":"8","http-status-code":"404","http-status-message":"Not Found","proxy":"DEFAULT","content":"http://ichart.finance.yahoo.com/table.csv?a=0&b=1&e=31&g=d&c=1998&d=11&f=1998&s=SIMECB.MX"}],"publiclyCallable":"true","cache":[{"execution-start-time":"10","execution-stop-time":"11","execution-time":"1","method":"GET","type":"MEMCACHED","content":"a837387677b4048d94e8ae946eee29e3"},{"execution-start-time":"194","execution-stop-time":"195","execution-time":"1","method":"GET","type":"MEMCACHED","content":"adc709f7d13fc1f225829cbbddd42a7f"}],"query":[{"execution-start-time":"11","execution-stop-time":"194","execution-time":"183","params":"{url=[http://ichart.finance.yahoo.com/table.csv?a=0&b=1&e=31&g=d&c=1998&d=11&f=1998&s=SIMECB.MX]}","content":"select * from csv(0,1) where url=@url"},{"execution-start-time":"195","execution-stop-time":"205","execution-time":"10","params":"{columnsNames=[<!doctype_html public \"-//W3C//DTD HTML 4.01//EN\" \"http://www.w3.org/TR/html4/strict.dtd\">], url=[http://ichart.finance.yahoo.com/table.csv?a=0&b=1&e=31&g=d&c=1998&d=11&f=1998&s=SIMECB.MX]}","content":"select * from csv(2,0) where url=@url and columns=@columnsNames"}],"csv":"Column mismatch: [<!doctype_html public \"-//W3C//DTD HTML 4.01//EN\" \"http://www.w3.org/TR/html4/strict.dtd\">] vs body {font:small/1.2em arial,helvetica,clean,sans-serif;font:x-small;text-align:center;}table {font-size:inherit;font:x-small;}","javascript":{"execution-start-time":"8","execution-stop-time":"205","execution-time":"196","instructions-used":"28569","table-name":"yahoo.finance.historicaldata"},"user-time":"205","service-time":"195","build-version":"0.2.311"},"results":null}}
SANMEXB.MX	http://query.yahooapis.com/v1/public/yql?q=select%20*%20from%20yahoo.finance.historicaldata%20where%20symbol%20in%20%28%22SANMEXB.MX%22%29%20and%20startDate=%221998-01-01%22%20and%20endDate=%221998-12-31%22&diagnostics=true&env=http://datatables.org/alltables.env&format=json	{"query":{"count":0,"created":"2015-11-10T09:12:07Z","lang":"en-US","diagnostics":{"url":[{"execution-start-time":"0","execution-stop-time":"2","execution-time":"2","proxy":"DEFAULT","content":"http://datatables.org/alltables.env"},{"execution-start-time":"2","execution-stop-time":"5","execution-time":"3","proxy":"DEFAULT","content":"http://www.datatables.org/yahoo/finance/yahoo.finance.historicaldata.xml"},{"execution-start-time":"10","execution-stop-time":"19","execution-time":"9","http-status-code":"404","http-status-message":"Not Found","proxy":"DEFAULT","content":"http://ichart.finance.yahoo.com/table.csv?a=0&b=1&e=31&g=d&c=1998&d=11&f=1998&s=SANMEXB.MX"},{"execution-start-time":"25","execution-stop-time":"33","execution-time":"8","http-status-code":"404","http-status-message":"Not Found","proxy":"DEFAULT","content":"http://ichart.finance.yahoo.com/table.csv?a=0&b=1&e=31&g=d&c=1998&d=11&f=1998&s=SANMEXB.MX"}],"publiclyCallable":"true","cache":[{"execution-start-time":"9","execution-stop-time":"10","execution-time":"1","method":"GET","type":"MEMCACHED","content":"46f17836da87e2dbebf93e796b289d3f"},{"execution-start-time":"23","execution-stop-time":"23","execution-time":"0","method":"GET","type":"MEMCACHED","content":"e7010059825291ec3a220412e9fa30af"}],"query":[{"execution-start-time":"10","execution-stop-time":"22","execution-time":"12","params":"{url=[http://ichart.finance.yahoo.com/table.csv?a=0&b=1&e=31&g=d&c=1998&d=11&f=1998&s=SANMEXB.MX]}","content":"select * from csv(0,1) where url=@url"},{"execution-start-time":"23","execution-stop-time":"34","execution-time":"11","params":"{columnsNames=[<!doctype_html public \"-//W3C//DTD HTML 4.01//EN\" \"http://www.w3.org/TR/html4/strict.dtd\">], url=[http://ichart.finance.yahoo.com/table.csv?a=0&b=1&e=31&g=d&c=1998&d=11&f=1998&s=SANMEXB.MX]}","content":"select * from csv(2,0) where url=@url and columns=@columnsNames"}],"csv":"Column mismatch: [<!doctype_html public \"-//W3C//DTD HTML 4.01//EN\" \"http://www.w3.org/TR/html4/strict.dtd\">] vs body {font:small/1.2em arial,helvetica,clean,sans-serif;font:x-small;text-align:center;}table {font-size:inherit;font:x-small;}","javascript":{"execution-start-time":"7","execution-stop-time":"34","execution-time":"27","instructions-used":"28569","table-name":"yahoo.finance.historicaldata"},"user-time":"34","service-time":"23","build-version":"0.2.311"},"results":null}}
PINFRA.MX	http://query.yahooapis.com/v1/public/yql?q=select%20*%20from%20yahoo.finance.historicaldata%20where%20symbol%20in%20%28%22PINFRA.MX%22%29%20and%20startDate=%221998-01-01%22%20and%20endDate=%221998-12-31%22&diagnostics=true&env=http://datatables.org/alltables.env&format=json	{"query":{"count":0,"created":"2015-11-10T09:12:10Z","lang":"en-US","diagnostics":{"url":[{"execution-start-time":"1","execution-stop-time":"2","execution-time":"1","proxy":"DEFAULT","content":"http://datatables.org/alltables.env"},{"execution-start-time":"3","execution-stop-time":"4","execution-time":"1","proxy":"DEFAULT","content":"http://www.datatables.org/yahoo/finance/yahoo.finance.historicaldata.xml"},{"execution-start-time":"9","execution-stop-time":"18","execution-time":"9","http-status-code":"404","http-status-message":"Not Found","proxy":"DEFAULT","content":"http://ichart.finance.yahoo.com/table.csv?a=0&b=1&e=31&g=d&c=1998&d=11&f=1998&s=PINFRA.MX"},{"execution-start-time":"22","execution-stop-time":"31","execution-time":"9","http-status-code":"404","http-status-message":"Not Found","proxy":"DEFAULT","content":"http://ichart.finance.yahoo.com/table.csv?a=0&b=1&e=31&g=d&c=1998&d=11&f=1998&s=PINFRA.MX"}],"publiclyCallable":"true","cache":[{"execution-start-time":"8","execution-stop-time":"8","execution-time":"0","method":"GET","type":"MEMCACHED","content":"03798b3b05f1b5fadcb13bc7ec1cb8c4"},{"execution-start-time":"20","execution-stop-time":"21","execution-time":"1","method":"GET","type":"MEMCACHED","content":"d2eeb1c3e2fa223a43b0d6f546ddd2f9"}],"query":[{"execution-start-time":"8","execution-stop-time":"20","execution-time":"12","params":"{url=[http://ichart.finance.yahoo.com/table.csv?a=0&b=1&e=31&g=d&c=1998&d=11&f=1998&s=PINFRA.MX]}","content":"select * from csv(0,1) where url=@url"},{"execution-start-time":"21","execution-stop-time":"31","execution-time":"10","params":"{columnsNames=[<!doctype_html public \"-//W3C//DTD HTML 4.01//EN\" \"http://www.w3.org/TR/html4/strict.dtd\">], url=[http://ichart.finance.yahoo.com/table.csv?a=0&b=1&e=31&g=d&c=1998&d=11&f=1998&s=PINFRA.MX]}","content":"select * from csv(2,0) where url=@url and columns=@columnsNames"}],"csv":"Column mismatch: [<!doctype_html public \"-//W3C//DTD HTML 4.01//EN\" \"http://www.w3.org/TR/html4/strict.dtd\">] vs body {font:small/1.2em arial,helvetica,clean,sans-serif;font:x-small;text-align:center;}table {font-size:inherit;font:x-small;}","javascript":{"execution-start-time":"6","execution-stop-time":"31","execution-time":"24","instructions-used":"28569","table-name":"yahoo.finance.historicaldata"},"user-time":"32","service-time":"21","build-version":"0.2.311"},"results":null}}
PE&OLES.MX	http://query.yahooapis.com/v1/public/yql?q=select%20*%20from%20yahoo.finance.historicaldata%20where%20symbol%20in%20%28%22PE&OLES.MX%22%29%20and%20startDate=%221998-01-01%22%20and%20endDate=%221998-12-31%22&diagnostics=true&env=http://datatables.org/alltables.env&format=json	{"error":{"lang":"en-US","diagnostics":null,"description":"Query syntax error(s) [line 1:63 mismatched character ' ' expecting '\"']"}}
OMAB.MX	http://query.yahooapis.com/v1/public/yql?q=select%20*%20from%20yahoo.finance.historicaldata%20where%20symbol%20in%20%28%22OMAB.MX%22%29%20and%20startDate=%221998-01-01%22%20and%20endDate=%221998-12-31%22&diagnostics=true&env=http://datatables.org/alltables.env&format=json	{"query":{"count":0,"created":"2015-11-10T09:12:16Z","lang":"en-US","diagnostics":{"url":[{"execution-start-time":"1","execution-stop-time":"3","execution-time":"2","proxy":"DEFAULT","content":"http://datatables.org/alltables.env"},{"execution-start-time":"3","execution-stop-time":"6","execution-time":"3","proxy":"DEFAULT","content":"http://www.datatables.org/yahoo/finance/yahoo.finance.historicaldata.xml"},{"execution-start-time":"10","execution-stop-time":"19","execution-time":"9","http-status-code":"404","http-status-message":"Not Found","proxy":"DEFAULT","content":"http://ichart.finance.yahoo.com/table.csv?a=0&b=1&e=31&g=d&c=1998&d=11&f=1998&s=OMAB.MX"},{"execution-start-time":"21","execution-stop-time":"29","execution-time":"8","http-status-code":"404","http-status-message":"Not Found","proxy":"DEFAULT","content":"http://ichart.finance.yahoo.com/table.csv?a=0&b=1&e=31&g=d&c=1998&d=11&f=1998&s=OMAB.MX"}],"publiclyCallable":"true","cache":[{"execution-start-time":"8","execution-stop-time":"9","execution-time":"1","method":"GET","type":"MEMCACHED","content":"0847f79c249ff70a4818b59273856c65"},{"execution-start-time":"20","execution-stop-time":"21","execution-time":"1","method":"GET","type":"MEMCACHED","content":"f0956b6cf5c1720d1b9865e1182054ba"}],"query":[{"execution-start-time":"9","execution-stop-time":"20","execution-time":"11","params":"{url=[http://ichart.finance.yahoo.com/table.csv?a=0&b=1&e=31&g=d&c=1998&d=11&f=1998&s=OMAB.MX]}","content":"select * from csv(0,1) where url=@url"},{"execution-start-time":"21","execution-stop-time":"29","execution-time":"8","params":"{columnsNames=[<!doctype_html public \"-//W3C//DTD HTML 4.01//EN\" \"http://www.w3.org/TR/html4/strict.dtd\">], url=[http://ichart.finance.yahoo.com/table.csv?a=0&b=1&e=31&g=d&c=1998&d=11&f=1998&s=OMAB.MX]}","content":"select * from csv(2,0) where url=@url and columns=@columnsNames"}],"csv":"Column mismatch: [<!doctype_html public \"-//W3C//DTD HTML 4.01//EN\" \"http://www.w3.org/TR/html4/strict.dtd\">] vs body {font:small/1.2em arial,helvetica,clean,sans-serif;font:x-small;text-align:center;}table {font-size:inherit;font:x-small;}","javascript":{"execution-start-time":"6","execution-stop-time":"29","execution-time":"22","instructions-used":"28569","table-name":"yahoo.finance.historicaldata"},"user-time":"30","service-time":"24","build-version":"0.2.311"},"results":null}}
