TKA.DE	http://query.yahooapis.com/v1/public/yql?q=select%20*%20from%20yahoo.finance.historicaldata%20where%20symbol%20in%20%28%22TKA.DE%22%29%20and%20startDate=%221997-01-01%22%20and%20endDate=%221997-12-31%22&diagnostics=true&env=http://datatables.org/alltables.env&format=json	{"query":{"count":0,"created":"2015-11-10T10:08:52Z","lang":"en-US","diagnostics":{"url":[{"execution-start-time":"0","execution-stop-time":"2","execution-time":"2","proxy":"DEFAULT","content":"http://datatables.org/alltables.env"},{"execution-start-time":"3","execution-stop-time":"5","execution-time":"2","proxy":"DEFAULT","content":"http://www.datatables.org/yahoo/finance/yahoo.finance.historicaldata.xml"},{"execution-start-time":"11","execution-stop-time":"25","execution-time":"14","http-status-code":"404","http-status-message":"Not Found","proxy":"DEFAULT","content":"http://ichart.finance.yahoo.com/table.csv?a=0&b=1&e=31&g=d&c=1997&d=11&f=1997&s=TKA.DE"},{"execution-start-time":"28","execution-stop-time":"41","execution-time":"13","http-status-code":"404","http-status-message":"Not Found","proxy":"DEFAULT","content":"http://ichart.finance.yahoo.com/table.csv?a=0&b=1&e=31&g=d&c=1997&d=11&f=1997&s=TKA.DE"}],"publiclyCallable":"true","cache":[{"execution-start-time":"10","execution-stop-time":"11","execution-time":"1","method":"GET","type":"MEMCACHED","content":"82cc4f5e8e19e4eb85c68cff8b777819"},{"execution-start-time":"27","execution-stop-time":"27","execution-time":"0","method":"GET","type":"MEMCACHED","content":"528df1a8003493757a12891fe36090a3"}],"query":[{"execution-start-time":"11","execution-stop-time":"27","execution-time":"16","params":"{url=[http://ichart.finance.yahoo.com/table.csv?a=0&b=1&e=31&g=d&c=1997&d=11&f=1997&s=TKA.DE]}","content":"select * from csv(0,1) where url=@url"},{"execution-start-time":"27","execution-stop-time":"41","execution-time":"14","params":"{columnsNames=[<!doctype_html public \"-//W3C//DTD HTML 4.01//EN\" \"http://www.w3.org/TR/html4/strict.dtd\">], url=[http://ichart.finance.yahoo.com/table.csv?a=0&b=1&e=31&g=d&c=1997&d=11&f=1997&s=TKA.DE]}","content":"select * from csv(2,0) where url=@url and columns=@columnsNames"}],"csv":"Column mismatch: [<!doctype_html public \"-//W3C//DTD HTML 4.01//EN\" \"http://www.w3.org/TR/html4/strict.dtd\">] vs body {font:small/1.2em arial,helvetica,clean,sans-serif;font:x-small;text-align:center;}table {font-size:inherit;font:x-small;}","javascript":{"execution-start-time":"9","execution-stop-time":"41","execution-time":"32","instructions-used":"28569","table-name":"yahoo.finance.historicaldata"},"user-time":"42","service-time":"32","build-version":"0.2.311"},"results":null}}
SIE.DE	http://query.yahooapis.com/v1/public/yql?q=select%20*%20from%20yahoo.finance.historicaldata%20where%20symbol%20in%20%28%22SIE.DE%22%29%20and%20startDate=%221997-01-01%22%20and%20endDate=%221997-12-31%22&diagnostics=true&env=http://datatables.org/alltables.env&format=json	{"query":{"count":0,"created":"2015-11-10T10:08:53Z","lang":"en-US","diagnostics":{"url":[{"execution-start-time":"0","execution-stop-time":"2","execution-time":"2","proxy":"DEFAULT","content":"http://datatables.org/alltables.env"},{"execution-start-time":"3","execution-stop-time":"5","execution-time":"2","proxy":"DEFAULT","content":"http://www.datatables.org/yahoo/finance/yahoo.finance.historicaldata.xml"},{"execution-start-time":"9","execution-stop-time":"21","execution-time":"12","http-status-code":"404","http-status-message":"Not Found","proxy":"DEFAULT","content":"http://ichart.finance.yahoo.com/table.csv?a=0&b=1&e=31&g=d&c=1997&d=11&f=1997&s=SIE.DE"},{"execution-start-time":"24","execution-stop-time":"37","execution-time":"13","http-status-code":"404","http-status-message":"Not Found","proxy":"DEFAULT","content":"http://ichart.finance.yahoo.com/table.csv?a=0&b=1&e=31&g=d&c=1997&d=11&f=1997&s=SIE.DE"}],"publiclyCallable":"true","cache":[{"execution-start-time":"8","execution-stop-time":"8","execution-time":"0","method":"GET","type":"MEMCACHED","content":"853a4548950faf6cba6c48649c0ac18c"},{"execution-start-time":"23","execution-stop-time":"24","execution-time":"1","method":"GET","type":"MEMCACHED","content":"d5895cc84afed42749a1c789a9b50f46"}],"query":[{"execution-start-time":"8","execution-stop-time":"23","execution-time":"15","params":"{url=[http://ichart.finance.yahoo.com/table.csv?a=0&b=1&e=31&g=d&c=1997&d=11&f=1997&s=SIE.DE]}","content":"select * from csv(0,1) where url=@url"},{"execution-start-time":"24","execution-stop-time":"37","execution-time":"13","params":"{columnsNames=[<!doctype_html public \"-//W3C//DTD HTML 4.01//EN\" \"http://www.w3.org/TR/html4/strict.dtd\">], url=[http://ichart.finance.yahoo.com/table.csv?a=0&b=1&e=31&g=d&c=1997&d=11&f=1997&s=SIE.DE]}","content":"select * from csv(2,0) where url=@url and columns=@columnsNames"}],"csv":"Column mismatch: [<!doctype_html public \"-//W3C//DTD HTML 4.01//EN\" \"http://www.w3.org/TR/html4/strict.dtd\">] vs body {font:small/1.2em arial,helvetica,clean,sans-serif;font:x-small;text-align:center;}table {font-size:inherit;font:x-small;}","javascript":{"execution-start-time":"6","execution-stop-time":"37","execution-time":"30","instructions-used":"28569","table-name":"yahoo.finance.historicaldata"},"user-time":"38","service-time":"30","build-version":"0.2.311"},"results":null}}
SDF.DE	http://query.yahooapis.com/v1/public/yql?q=select%20*%20from%20yahoo.finance.historicaldata%20where%20symbol%20in%20%28%22SDF.DE%22%29%20and%20startDate=%221997-01-01%22%20and%20endDate=%221997-12-31%22&diagnostics=true&env=http://datatables.org/alltables.env&format=json	{"query":{"count":0,"created":"2015-11-10T10:08:53Z","lang":"en-US","diagnostics":{"url":[{"execution-start-time":"0","execution-stop-time":"2","execution-time":"2","proxy":"DEFAULT","content":"http://datatables.org/alltables.env"},{"execution-start-time":"2","execution-stop-time":"4","execution-time":"2","proxy":"DEFAULT","content":"http://www.datatables.org/yahoo/finance/yahoo.finance.historicaldata.xml"},{"execution-start-time":"8","execution-stop-time":"22","execution-time":"14","http-status-code":"404","http-status-message":"Not Found","proxy":"DEFAULT","content":"http://ichart.finance.yahoo.com/table.csv?a=0&b=1&e=31&g=d&c=1997&d=11&f=1997&s=SDF.DE"},{"execution-start-time":"25","execution-stop-time":"39","execution-time":"14","http-status-code":"404","http-status-message":"Not Found","proxy":"DEFAULT","content":"http://ichart.finance.yahoo.com/table.csv?a=0&b=1&e=31&g=d&c=1997&d=11&f=1997&s=SDF.DE"}],"publiclyCallable":"true","cache":[{"execution-start-time":"7","execution-stop-time":"7","execution-time":"0","method":"GET","type":"MEMCACHED","content":"e1c20c5c10342b1d911e4cd23ca58f88"},{"execution-start-time":"24","execution-stop-time":"24","execution-time":"0","method":"GET","type":"MEMCACHED","content":"1eb2af0176b566c838ee4077d1897268"}],"query":[{"execution-start-time":"7","execution-stop-time":"24","execution-time":"17","params":"{url=[http://ichart.finance.yahoo.com/table.csv?a=0&b=1&e=31&g=d&c=1997&d=11&f=1997&s=SDF.DE]}","content":"select * from csv(0,1) where url=@url"},{"execution-start-time":"24","execution-stop-time":"40","execution-time":"16","params":"{columnsNames=[<!doctype_html public \"-//W3C//DTD HTML 4.01//EN\" \"http://www.w3.org/TR/html4/strict.dtd\">], url=[http://ichart.finance.yahoo.com/table.csv?a=0&b=1&e=31&g=d&c=1997&d=11&f=1997&s=SDF.DE]}","content":"select * from csv(2,0) where url=@url and columns=@columnsNames"}],"csv":"Column mismatch: [<!doctype_html public \"-//W3C//DTD HTML 4.01//EN\" \"http://www.w3.org/TR/html4/strict.dtd\">] vs body {font:small/1.2em arial,helvetica,clean,sans-serif;font:x-small;text-align:center;}table {font-size:inherit;font:x-small;}","javascript":{"execution-start-time":"6","execution-stop-time":"39","execution-time":"33","instructions-used":"28569","table-name":"yahoo.finance.historicaldata"},"user-time":"40","service-time":"32","build-version":"0.2.311"},"results":null}}
SAP.DE	http://query.yahooapis.com/v1/public/yql?q=select%20*%20from%20yahoo.finance.historicaldata%20where%20symbol%20in%20%28%22SAP.DE%22%29%20and%20startDate=%221997-01-01%22%20and%20endDate=%221997-12-31%22&diagnostics=true&env=http://datatables.org/alltables.env&format=json	{"query":{"count":0,"created":"2015-11-10T10:08:54Z","lang":"en-US","diagnostics":{"url":[{"execution-start-time":"0","execution-stop-time":"2","execution-time":"2","proxy":"DEFAULT","content":"http://datatables.org/alltables.env"},{"execution-start-time":"2","execution-stop-time":"5","execution-time":"3","proxy":"DEFAULT","content":"http://www.datatables.org/yahoo/finance/yahoo.finance.historicaldata.xml"},{"execution-start-time":"9","execution-stop-time":"26","execution-time":"17","http-status-code":"404","http-status-message":"Not Found","proxy":"DEFAULT","content":"http://ichart.finance.yahoo.com/table.csv?a=0&b=1&e=31&g=d&c=1997&d=11&f=1997&s=SAP.DE"},{"execution-start-time":"29","execution-stop-time":"43","execution-time":"14","http-status-code":"404","http-status-message":"Not Found","proxy":"DEFAULT","content":"http://ichart.finance.yahoo.com/table.csv?a=0&b=1&e=31&g=d&c=1997&d=11&f=1997&s=SAP.DE"}],"publiclyCallable":"true","cache":[{"execution-start-time":"8","execution-stop-time":"8","execution-time":"0","method":"GET","type":"MEMCACHED","content":"832faa4ab38203993600850d627028e8"},{"execution-start-time":"27","execution-stop-time":"28","execution-time":"1","method":"GET","type":"MEMCACHED","content":"a5d5816c56d91b7f857cf206a48b008e"}],"query":[{"execution-start-time":"8","execution-stop-time":"27","execution-time":"19","params":"{url=[http://ichart.finance.yahoo.com/table.csv?a=0&b=1&e=31&g=d&c=1997&d=11&f=1997&s=SAP.DE]}","content":"select * from csv(0,1) where url=@url"},{"execution-start-time":"28","execution-stop-time":"43","execution-time":"15","params":"{columnsNames=[<!doctype_html public \"-//W3C//DTD HTML 4.01//EN\" \"http://www.w3.org/TR/html4/strict.dtd\">], url=[http://ichart.finance.yahoo.com/table.csv?a=0&b=1&e=31&g=d&c=1997&d=11&f=1997&s=SAP.DE]}","content":"select * from csv(2,0) where url=@url and columns=@columnsNames"}],"csv":"Column mismatch: [<!doctype_html public \"-//W3C//DTD HTML 4.01//EN\" \"http://www.w3.org/TR/html4/strict.dtd\">] vs body {font:small/1.2em arial,helvetica,clean,sans-serif;font:x-small;text-align:center;}table {font-size:inherit;font:x-small;}","javascript":{"execution-start-time":"7","execution-stop-time":"44","execution-time":"37","instructions-used":"28569","table-name":"yahoo.finance.historicaldata"},"user-time":"44","service-time":"37","build-version":"0.2.311"},"results":null}}
RWE.DE	http://query.yahooapis.com/v1/public/yql?q=select%20*%20from%20yahoo.finance.historicaldata%20where%20symbol%20in%20%28%22RWE.DE%22%29%20and%20startDate=%221997-01-01%22%20and%20endDate=%221997-12-31%22&diagnostics=true&env=http://datatables.org/alltables.env&format=json	{"query":{"count":0,"created":"2015-11-10T10:08:55Z","lang":"en-US","diagnostics":{"url":[{"execution-start-time":"0","execution-stop-time":"2","execution-time":"2","proxy":"DEFAULT","content":"http://datatables.org/alltables.env"},{"execution-start-time":"3","execution-stop-time":"4","execution-time":"1","proxy":"DEFAULT","content":"http://www.datatables.org/yahoo/finance/yahoo.finance.historicaldata.xml"},{"execution-start-time":"7","execution-stop-time":"191","execution-time":"184","http-status-code":"404","http-status-message":"Not Found","proxy":"DEFAULT","content":"http://ichart.finance.yahoo.com/table.csv?a=0&b=1&e=31&g=d&c=1997&d=11&f=1997&s=RWE.DE"},{"execution-start-time":"194","execution-stop-time":"208","execution-time":"14","http-status-code":"404","http-status-message":"Not Found","proxy":"DEFAULT","content":"http://ichart.finance.yahoo.com/table.csv?a=0&b=1&e=31&g=d&c=1997&d=11&f=1997&s=RWE.DE"}],"publiclyCallable":"true","cache":[{"execution-start-time":"6","execution-stop-time":"7","execution-time":"1","method":"GET","type":"MEMCACHED","content":"235c46ed0f8c9dbf61cb41b0e6da4a44"},{"execution-start-time":"193","execution-stop-time":"193","execution-time":"0","method":"GET","type":"MEMCACHED","content":"a4bec10fe59b52b577a1a05fc136c58e"}],"query":[{"execution-start-time":"7","execution-stop-time":"193","execution-time":"186","params":"{url=[http://ichart.finance.yahoo.com/table.csv?a=0&b=1&e=31&g=d&c=1997&d=11&f=1997&s=RWE.DE]}","content":"select * from csv(0,1) where url=@url"},{"execution-start-time":"193","execution-stop-time":"208","execution-time":"15","params":"{columnsNames=[<!doctype_html public \"-//W3C//DTD HTML 4.01//EN\" \"http://www.w3.org/TR/html4/strict.dtd\">], url=[http://ichart.finance.yahoo.com/table.csv?a=0&b=1&e=31&g=d&c=1997&d=11&f=1997&s=RWE.DE]}","content":"select * from csv(2,0) where url=@url and columns=@columnsNames"}],"csv":"Column mismatch: [<!doctype_html public \"-//W3C//DTD HTML 4.01//EN\" \"http://www.w3.org/TR/html4/strict.dtd\">] vs body {font:small/1.2em arial,helvetica,clean,sans-serif;font:x-small;text-align:center;}table {font-size:inherit;font:x-small;}","javascript":{"execution-start-time":"5","execution-stop-time":"208","execution-time":"202","instructions-used":"28569","table-name":"yahoo.finance.historicaldata"},"user-time":"208","service-time":"202","build-version":"0.2.311"},"results":null}}
MUV2.DE	http://query.yahooapis.com/v1/public/yql?q=select%20*%20from%20yahoo.finance.historicaldata%20where%20symbol%20in%20%28%22MUV2.DE%22%29%20and%20startDate=%221997-01-01%22%20and%20endDate=%221997-12-31%22&diagnostics=true&env=http://datatables.org/alltables.env&format=json	{"query":{"count":0,"created":"2015-11-10T10:08:56Z","lang":"en-US","diagnostics":{"url":[{"execution-start-time":"1","execution-stop-time":"3","execution-time":"2","proxy":"DEFAULT","content":"http://datatables.org/alltables.env"},{"execution-start-time":"3","execution-stop-time":"5","execution-time":"2","proxy":"DEFAULT","content":"http://www.datatables.org/yahoo/finance/yahoo.finance.historicaldata.xml"},{"execution-start-time":"8","execution-stop-time":"22","execution-time":"14","http-status-code":"404","http-status-message":"Not Found","proxy":"DEFAULT","content":"http://ichart.finance.yahoo.com/table.csv?a=0&b=1&e=31&g=d&c=1997&d=11&f=1997&s=MUV2.DE"},{"execution-start-time":"25","execution-stop-time":"39","execution-time":"14","http-status-code":"404","http-status-message":"Not Found","proxy":"DEFAULT","content":"http://ichart.finance.yahoo.com/table.csv?a=0&b=1&e=31&g=d&c=1997&d=11&f=1997&s=MUV2.DE"}],"publiclyCallable":"true","cache":[{"execution-start-time":"7","execution-stop-time":"7","execution-time":"0","method":"GET","type":"MEMCACHED","content":"25e986e8d4b86e451b07043eaad6eb3e"},{"execution-start-time":"24","execution-stop-time":"24","execution-time":"0","method":"GET","type":"MEMCACHED","content":"857b240cf4281802dc638261027534f8"}],"query":[{"execution-start-time":"7","execution-stop-time":"24","execution-time":"17","params":"{url=[http://ichart.finance.yahoo.com/table.csv?a=0&b=1&e=31&g=d&c=1997&d=11&f=1997&s=MUV2.DE]}","content":"select * from csv(0,1) where url=@url"},{"execution-start-time":"24","execution-stop-time":"39","execution-time":"15","params":"{columnsNames=[<!doctype_html public \"-//W3C//DTD HTML 4.01//EN\" \"http://www.w3.org/TR/html4/strict.dtd\">], url=[http://ichart.finance.yahoo.com/table.csv?a=0&b=1&e=31&g=d&c=1997&d=11&f=1997&s=MUV2.DE]}","content":"select * from csv(2,0) where url=@url and columns=@columnsNames"}],"csv":"Column mismatch: [<!doctype_html public \"-//W3C//DTD HTML 4.01//EN\" \"http://www.w3.org/TR/html4/strict.dtd\">] vs body {font:small/1.2em arial,helvetica,clean,sans-serif;font:x-small;text-align:center;}table {font-size:inherit;font:x-small;}","javascript":{"execution-start-time":"5","execution-stop-time":"38","execution-time":"32","instructions-used":"28569","table-name":"yahoo.finance.historicaldata"},"user-time":"39","service-time":"32","build-version":"0.2.311"},"results":null}}
MRK.DE	http://query.yahooapis.com/v1/public/yql?q=select%20*%20from%20yahoo.finance.historicaldata%20where%20symbol%20in%20%28%22MRK.DE%22%29%20and%20startDate=%221997-01-01%22%20and%20endDate=%221997-12-31%22&diagnostics=true&env=http://datatables.org/alltables.env&format=json	{"query":{"count":0,"created":"2015-11-10T10:08:57Z","lang":"en-US","diagnostics":{"url":[{"execution-start-time":"0","execution-stop-time":"2","execution-time":"2","proxy":"DEFAULT","content":"http://datatables.org/alltables.env"},{"execution-start-time":"2","execution-stop-time":"4","execution-time":"2","proxy":"DEFAULT","content":"http://www.datatables.org/yahoo/finance/yahoo.finance.historicaldata.xml"},{"execution-start-time":"8","execution-stop-time":"21","execution-time":"13","http-status-code":"404","http-status-message":"Not Found","proxy":"DEFAULT","content":"http://ichart.finance.yahoo.com/table.csv?a=0&b=1&e=31&g=d&c=1997&d=11&f=1997&s=MRK.DE"},{"execution-start-time":"24","execution-stop-time":"37","execution-time":"13","http-status-code":"404","http-status-message":"Not Found","proxy":"DEFAULT","content":"http://ichart.finance.yahoo.com/table.csv?a=0&b=1&e=31&g=d&c=1997&d=11&f=1997&s=MRK.DE"}],"publiclyCallable":"true","cache":[{"execution-start-time":"7","execution-stop-time":"7","execution-time":"0","method":"GET","type":"MEMCACHED","content":"3091f70d28f9743d96c5bb125bc5a08e"},{"execution-start-time":"23","execution-stop-time":"23","execution-time":"0","method":"GET","type":"MEMCACHED","content":"46648695fb72822271a44636e0bf2ef9"}],"query":[{"execution-start-time":"8","execution-stop-time":"22","execution-time":"14","params":"{url=[http://ichart.finance.yahoo.com/table.csv?a=0&b=1&e=31&g=d&c=1997&d=11&f=1997&s=MRK.DE]}","content":"select * from csv(0,1) where url=@url"},{"execution-start-time":"23","execution-stop-time":"37","execution-time":"14","params":"{columnsNames=[<!doctype_html public \"-//W3C//DTD HTML 4.01//EN\" \"http://www.w3.org/TR/html4/strict.dtd\">], url=[http://ichart.finance.yahoo.com/table.csv?a=0&b=1&e=31&g=d&c=1997&d=11&f=1997&s=MRK.DE]}","content":"select * from csv(2,0) where url=@url and columns=@columnsNames"}],"csv":"Column mismatch: [<!doctype_html public \"-//W3C//DTD HTML 4.01//EN\" \"http://www.w3.org/TR/html4/strict.dtd\">] vs body {font:small/1.2em arial,helvetica,clean,sans-serif;font:x-small;text-align:center;}table {font-size:inherit;font:x-small;}","javascript":{"execution-start-time":"6","execution-stop-time":"37","execution-time":"30","instructions-used":"28569","table-name":"yahoo.finance.historicaldata"},"user-time":"37","service-time":"30","build-version":"0.2.311"},"results":null}}
LIN.DE	http://query.yahooapis.com/v1/public/yql?q=select%20*%20from%20yahoo.finance.historicaldata%20where%20symbol%20in%20%28%22LIN.DE%22%29%20and%20startDate=%221997-01-01%22%20and%20endDate=%221997-12-31%22&diagnostics=true&env=http://datatables.org/alltables.env&format=json	{"query":{"count":0,"created":"2015-11-10T10:08:57Z","lang":"en-US","diagnostics":{"url":[{"execution-start-time":"1","execution-stop-time":"2","execution-time":"1","proxy":"DEFAULT","content":"http://datatables.org/alltables.env"},{"execution-start-time":"3","execution-stop-time":"5","execution-time":"2","proxy":"DEFAULT","content":"http://www.datatables.org/yahoo/finance/yahoo.finance.historicaldata.xml"},{"execution-start-time":"9","execution-stop-time":"23","execution-time":"14","http-status-code":"404","http-status-message":"Not Found","proxy":"DEFAULT","content":"http://ichart.finance.yahoo.com/table.csv?a=0&b=1&e=31&g=d&c=1997&d=11&f=1997&s=LIN.DE"},{"execution-start-time":"26","execution-stop-time":"39","execution-time":"13","http-status-code":"404","http-status-message":"Not Found","proxy":"DEFAULT","content":"http://ichart.finance.yahoo.com/table.csv?a=0&b=1&e=31&g=d&c=1997&d=11&f=1997&s=LIN.DE"}],"publiclyCallable":"true","cache":[{"execution-start-time":"8","execution-stop-time":"8","execution-time":"0","method":"GET","type":"MEMCACHED","content":"85dd3658c1f742d4172ae812cafbe159"},{"execution-start-time":"24","execution-stop-time":"25","execution-time":"1","method":"GET","type":"MEMCACHED","content":"00bf39adaf49d8c88567a4f3f5816560"}],"query":[{"execution-start-time":"8","execution-stop-time":"24","execution-time":"16","params":"{url=[http://ichart.finance.yahoo.com/table.csv?a=0&b=1&e=31&g=d&c=1997&d=11&f=1997&s=LIN.DE]}","content":"select * from csv(0,1) where url=@url"},{"execution-start-time":"25","execution-stop-time":"40","execution-time":"15","params":"{columnsNames=[<!doctype_html public \"-//W3C//DTD HTML 4.01//EN\" \"http://www.w3.org/TR/html4/strict.dtd\">], url=[http://ichart.finance.yahoo.com/table.csv?a=0&b=1&e=31&g=d&c=1997&d=11&f=1997&s=LIN.DE]}","content":"select * from csv(2,0) where url=@url and columns=@columnsNames"}],"csv":"Column mismatch: [<!doctype_html public \"-//W3C//DTD HTML 4.01//EN\" \"http://www.w3.org/TR/html4/strict.dtd\">] vs body {font:small/1.2em arial,helvetica,clean,sans-serif;font:x-small;text-align:center;}table {font-size:inherit;font:x-small;}","javascript":{"execution-start-time":"6","execution-stop-time":"39","execution-time":"32","instructions-used":"28569","table-name":"yahoo.finance.historicaldata"},"user-time":"40","service-time":"31","build-version":"0.2.311"},"results":null}}
LHA.DE	http://query.yahooapis.com/v1/public/yql?q=select%20*%20from%20yahoo.finance.historicaldata%20where%20symbol%20in%20%28%22LHA.DE%22%29%20and%20startDate=%221997-01-01%22%20and%20endDate=%221997-12-31%22&diagnostics=true&env=http://datatables.org/alltables.env&format=json	{"query":{"count":0,"created":"2015-11-10T10:08:58Z","lang":"en-US","diagnostics":{"url":[{"execution-start-time":"0","execution-stop-time":"2","execution-time":"2","proxy":"DEFAULT","content":"http://datatables.org/alltables.env"},{"execution-start-time":"2","execution-stop-time":"5","execution-time":"3","proxy":"DEFAULT","content":"http://www.datatables.org/yahoo/finance/yahoo.finance.historicaldata.xml"},{"execution-start-time":"11","execution-stop-time":"27","execution-time":"16","http-status-code":"404","http-status-message":"Not Found","proxy":"DEFAULT","content":"http://ichart.finance.yahoo.com/table.csv?a=0&b=1&e=31&g=d&c=1997&d=11&f=1997&s=LHA.DE"},{"execution-start-time":"30","execution-stop-time":"44","execution-time":"14","http-status-code":"404","http-status-message":"Not Found","proxy":"DEFAULT","content":"http://ichart.finance.yahoo.com/table.csv?a=0&b=1&e=31&g=d&c=1997&d=11&f=1997&s=LHA.DE"}],"publiclyCallable":"true","cache":[{"execution-start-time":"10","execution-stop-time":"10","execution-time":"0","method":"GET","type":"MEMCACHED","content":"c1944fcd562ae8d40b7625975b2869a2"},{"execution-start-time":"29","execution-stop-time":"29","execution-time":"0","method":"GET","type":"MEMCACHED","content":"456d3d72b30d8235cc152ed63aeeda95"}],"query":[{"execution-start-time":"11","execution-stop-time":"28","execution-time":"17","params":"{url=[http://ichart.finance.yahoo.com/table.csv?a=0&b=1&e=31&g=d&c=1997&d=11&f=1997&s=LHA.DE]}","content":"select * from csv(0,1) where url=@url"},{"execution-start-time":"29","execution-stop-time":"44","execution-time":"15","params":"{columnsNames=[<!doctype_html public \"-//W3C//DTD HTML 4.01//EN\" \"http://www.w3.org/TR/html4/strict.dtd\">], url=[http://ichart.finance.yahoo.com/table.csv?a=0&b=1&e=31&g=d&c=1997&d=11&f=1997&s=LHA.DE]}","content":"select * from csv(2,0) where url=@url and columns=@columnsNames"}],"csv":"Column mismatch: [<!doctype_html public \"-//W3C//DTD HTML 4.01//EN\" \"http://www.w3.org/TR/html4/strict.dtd\">] vs body {font:small/1.2em arial,helvetica,clean,sans-serif;font:x-small;text-align:center;}table {font-size:inherit;font:x-small;}","javascript":{"execution-start-time":"8","execution-stop-time":"44","execution-time":"36","instructions-used":"28569","table-name":"yahoo.finance.historicaldata"},"user-time":"45","service-time":"35","build-version":"0.2.311"},"results":null}}
IFX.DE	http://query.yahooapis.com/v1/public/yql?q=select%20*%20from%20yahoo.finance.historicaldata%20where%20symbol%20in%20%28%22IFX.DE%22%29%20and%20startDate=%221997-01-01%22%20and%20endDate=%221997-12-31%22&diagnostics=true&env=http://datatables.org/alltables.env&format=json	{"query":{"count":0,"created":"2015-11-10T10:09:03Z","lang":"en-US","diagnostics":{"url":[{"execution-start-time":"0","execution-stop-time":"2","execution-time":"2","proxy":"DEFAULT","content":"http://datatables.org/alltables.env"},{"execution-start-time":"2","execution-stop-time":"4","execution-time":"2","proxy":"DEFAULT","content":"http://www.datatables.org/yahoo/finance/yahoo.finance.historicaldata.xml"},{"execution-start-time":"8","execution-stop-time":"19","execution-time":"11","http-status-code":"404","http-status-message":"Not Found","proxy":"DEFAULT","content":"http://ichart.finance.yahoo.com/table.csv?a=0&b=1&e=31&g=d&c=1997&d=11&f=1997&s=IFX.DE"},{"execution-start-time":"22","execution-stop-time":"35","execution-time":"13","http-status-code":"404","http-status-message":"Not Found","proxy":"DEFAULT","content":"http://ichart.finance.yahoo.com/table.csv?a=0&b=1&e=31&g=d&c=1997&d=11&f=1997&s=IFX.DE"}],"publiclyCallable":"true","cache":[{"execution-start-time":"7","execution-stop-time":"7","execution-time":"0","method":"GET","type":"MEMCACHED","content":"28d56e00a62e207ee2c2024013bab607"},{"execution-start-time":"21","execution-stop-time":"22","execution-time":"1","method":"GET","type":"MEMCACHED","content":"16787ffb5a6b885753c6a3b87bf3e44a"}],"query":[{"execution-start-time":"7","execution-stop-time":"21","execution-time":"14","params":"{url=[http://ichart.finance.yahoo.com/table.csv?a=0&b=1&e=31&g=d&c=1997&d=11&f=1997&s=IFX.DE]}","content":"select * from csv(0,1) where url=@url"},{"execution-start-time":"22","execution-stop-time":"35","execution-time":"13","params":"{columnsNames=[<!doctype_html public \"-//W3C//DTD HTML 4.01//EN\" \"http://www.w3.org/TR/html4/strict.dtd\">], url=[http://ichart.finance.yahoo.com/table.csv?a=0&b=1&e=31&g=d&c=1997&d=11&f=1997&s=IFX.DE]}","content":"select * from csv(2,0) where url=@url and columns=@columnsNames"}],"csv":"Column mismatch: [<!doctype_html public \"-//W3C//DTD HTML 4.01//EN\" \"http://www.w3.org/TR/html4/strict.dtd\">] vs body {font:small/1.2em arial,helvetica,clean,sans-serif;font:x-small;text-align:center;}table {font-size:inherit;font:x-small;}","javascript":{"execution-start-time":"6","execution-stop-time":"35","execution-time":"29","instructions-used":"28569","table-name":"yahoo.finance.historicaldata"},"user-time":"35","service-time":"29","build-version":"0.2.311"},"results":null}}
VOW3.DE	http://query.yahooapis.com/v1/public/yql?q=select%20*%20from%20yahoo.finance.historicaldata%20where%20symbol%20in%20%28%22VOW3.DE%22%29%20and%20startDate=%221997-01-01%22%20and%20endDate=%221997-12-31%22&diagnostics=true&env=http://datatables.org/alltables.env&format=json	{"query":{"count":0,"created":"2015-11-10T10:09:04Z","lang":"en-US","diagnostics":{"url":[{"execution-start-time":"1","execution-stop-time":"3","execution-time":"2","proxy":"DEFAULT","content":"http://datatables.org/alltables.env"},{"execution-start-time":"3","execution-stop-time":"5","execution-time":"2","proxy":"DEFAULT","content":"http://www.datatables.org/yahoo/finance/yahoo.finance.historicaldata.xml"},{"execution-start-time":"9","execution-stop-time":"177","execution-time":"168","http-status-code":"404","http-status-message":"Not Found","proxy":"DEFAULT","content":"http://ichart.finance.yahoo.com/table.csv?a=0&b=1&e=31&g=d&c=1997&d=11&f=1997&s=VOW3.DE"},{"execution-start-time":"179","execution-stop-time":"190","execution-time":"11","http-status-code":"404","http-status-message":"Not Found","proxy":"DEFAULT","content":"http://ichart.finance.yahoo.com/table.csv?a=0&b=1&e=31&g=d&c=1997&d=11&f=1997&s=VOW3.DE"}],"publiclyCallable":"true","cache":[{"execution-start-time":"8","execution-stop-time":"8","execution-time":"0","method":"GET","type":"MEMCACHED","content":"aed9f270f76352a46cff58083f887efe"},{"execution-start-time":"178","execution-stop-time":"179","execution-time":"1","method":"GET","type":"MEMCACHED","content":"fcdf176dba2fbd5b6aa56e60d994ec5a"}],"query":[{"execution-start-time":"8","execution-stop-time":"178","execution-time":"170","params":"{url=[http://ichart.finance.yahoo.com/table.csv?a=0&b=1&e=31&g=d&c=1997&d=11&f=1997&s=VOW3.DE]}","content":"select * from csv(0,1) where url=@url"},{"execution-start-time":"179","execution-stop-time":"190","execution-time":"11","params":"{columnsNames=[<!doctype_html public \"-//W3C//DTD HTML 4.01//EN\" \"http://www.w3.org/TR/html4/strict.dtd\">], url=[http://ichart.finance.yahoo.com/table.csv?a=0&b=1&e=31&g=d&c=1997&d=11&f=1997&s=VOW3.DE]}","content":"select * from csv(2,0) where url=@url and columns=@columnsNames"}],"csv":"Column mismatch: [<!doctype_html public \"-//W3C//DTD HTML 4.01//EN\" \"http://www.w3.org/TR/html4/strict.dtd\">] vs body {font:small/1.2em arial,helvetica,clean,sans-serif;font:x-small;text-align:center;}table {font-size:inherit;font:x-small;}","javascript":{"execution-start-time":"6","execution-stop-time":"190","execution-time":"183","instructions-used":"28569","table-name":"yahoo.finance.historicaldata"},"user-time":"191","service-time":"184","build-version":"0.2.311"},"results":null}}
VNA.DE	http://query.yahooapis.com/v1/public/yql?q=select%20*%20from%20yahoo.finance.historicaldata%20where%20symbol%20in%20%28%22VNA.DE%22%29%20and%20startDate=%221997-01-01%22%20and%20endDate=%221997-12-31%22&diagnostics=true&env=http://datatables.org/alltables.env&format=json	{"query":{"count":0,"created":"2015-11-10T10:09:04Z","lang":"en-US","diagnostics":{"url":[{"execution-start-time":"1","execution-stop-time":"3","execution-time":"2","proxy":"DEFAULT","content":"http://datatables.org/alltables.env"},{"execution-start-time":"3","execution-stop-time":"5","execution-time":"2","proxy":"DEFAULT","content":"http://www.datatables.org/yahoo/finance/yahoo.finance.historicaldata.xml"},{"execution-start-time":"10","execution-stop-time":"19","execution-time":"9","http-status-code":"404","http-status-message":"Not Found","proxy":"DEFAULT","content":"http://ichart.finance.yahoo.com/table.csv?a=0&b=1&e=31&g=d&c=1997&d=11&f=1997&s=VNA.DE"},{"execution-start-time":"22","execution-stop-time":"31","execution-time":"9","http-status-code":"404","http-status-message":"Not Found","proxy":"DEFAULT","content":"http://ichart.finance.yahoo.com/table.csv?a=0&b=1&e=31&g=d&c=1997&d=11&f=1997&s=VNA.DE"}],"publiclyCallable":"true","cache":[{"execution-start-time":"8","execution-stop-time":"9","execution-time":"1","method":"GET","type":"MEMCACHED","content":"2ee94afb98ff222ca3c1a76e3ef474f8"},{"execution-start-time":"21","execution-stop-time":"22","execution-time":"1","method":"GET","type":"MEMCACHED","content":"c35e4972a7843b8b9fab679f584b77f6"}],"query":[{"execution-start-time":"9","execution-stop-time":"21","execution-time":"12","params":"{url=[http://ichart.finance.yahoo.com/table.csv?a=0&b=1&e=31&g=d&c=1997&d=11&f=1997&s=VNA.DE]}","content":"select * from csv(0,1) where url=@url"},{"execution-start-time":"22","execution-stop-time":"32","execution-time":"10","params":"{columnsNames=[<!doctype_html public \"-//W3C//DTD HTML 4.01//EN\" \"http://www.w3.org/TR/html4/strict.dtd\">], url=[http://ichart.finance.yahoo.com/table.csv?a=0&b=1&e=31&g=d&c=1997&d=11&f=1997&s=VNA.DE]}","content":"select * from csv(2,0) where url=@url and columns=@columnsNames"}],"csv":"Column mismatch: [<!doctype_html public \"-//W3C//DTD HTML 4.01//EN\" \"http://www.w3.org/TR/html4/strict.dtd\">] vs body {font:small/1.2em arial,helvetica,clean,sans-serif;font:x-small;text-align:center;}table {font-size:inherit;font:x-small;}","javascript":{"execution-start-time":"7","execution-stop-time":"31","execution-time":"24","instructions-used":"28569","table-name":"yahoo.finance.historicaldata"},"user-time":"32","service-time":"24","build-version":"0.2.311"},"results":null}}
HEN3.DE	http://query.yahooapis.com/v1/public/yql?q=select%20*%20from%20yahoo.finance.historicaldata%20where%20symbol%20in%20%28%22HEN3.DE%22%29%20and%20startDate=%221997-01-01%22%20and%20endDate=%221997-12-31%22&diagnostics=true&env=http://datatables.org/alltables.env&format=json	{"query":{"count":0,"created":"2015-11-10T10:09:05Z","lang":"en-US","diagnostics":{"url":[{"execution-start-time":"1","execution-stop-time":"3","execution-time":"2","proxy":"DEFAULT","content":"http://datatables.org/alltables.env"},{"execution-start-time":"3","execution-stop-time":"6","execution-time":"3","proxy":"DEFAULT","content":"http://www.datatables.org/yahoo/finance/yahoo.finance.historicaldata.xml"},{"execution-start-time":"10","execution-stop-time":"22","execution-time":"12","http-status-code":"404","http-status-message":"Not Found","proxy":"DEFAULT","content":"http://ichart.finance.yahoo.com/table.csv?a=0&b=1&e=31&g=d&c=1997&d=11&f=1997&s=HEN3.DE"},{"execution-start-time":"25","execution-stop-time":"38","execution-time":"13","http-status-code":"404","http-status-message":"Not Found","proxy":"DEFAULT","content":"http://ichart.finance.yahoo.com/table.csv?a=0&b=1&e=31&g=d&c=1997&d=11&f=1997&s=HEN3.DE"}],"publiclyCallable":"true","cache":[{"execution-start-time":"9","execution-stop-time":"9","execution-time":"0","method":"GET","type":"MEMCACHED","content":"ebd9045a6218102127e7b4b69ec8e283"},{"execution-start-time":"24","execution-stop-time":"25","execution-time":"1","method":"GET","type":"MEMCACHED","content":"05d95187ea4b3fa26a43818c6c2a52ac"}],"query":[{"execution-start-time":"9","execution-stop-time":"24","execution-time":"15","params":"{url=[http://ichart.finance.yahoo.com/table.csv?a=0&b=1&e=31&g=d&c=1997&d=11&f=1997&s=HEN3.DE]}","content":"select * from csv(0,1) where url=@url"},{"execution-start-time":"25","execution-stop-time":"38","execution-time":"13","params":"{columnsNames=[<!doctype_html public \"-//W3C//DTD HTML 4.01//EN\" \"http://www.w3.org/TR/html4/strict.dtd\">], url=[http://ichart.finance.yahoo.com/table.csv?a=0&b=1&e=31&g=d&c=1997&d=11&f=1997&s=HEN3.DE]}","content":"select * from csv(2,0) where url=@url and columns=@columnsNames"}],"csv":"Column mismatch: [<!doctype_html public \"-//W3C//DTD HTML 4.01//EN\" \"http://www.w3.org/TR/html4/strict.dtd\">] vs body {font:small/1.2em arial,helvetica,clean,sans-serif;font:x-small;text-align:center;}table {font-size:inherit;font:x-small;}","javascript":{"execution-start-time":"7","execution-stop-time":"38","execution-time":"30","instructions-used":"28569","table-name":"yahoo.finance.historicaldata"},"user-time":"39","service-time":"31","build-version":"0.2.311"},"results":null}}
HEI.DE	http://query.yahooapis.com/v1/public/yql?q=select%20*%20from%20yahoo.finance.historicaldata%20where%20symbol%20in%20%28%22HEI.DE%22%29%20and%20startDate=%221997-01-01%22%20and%20endDate=%221997-12-31%22&diagnostics=true&env=http://datatables.org/alltables.env&format=json	{"query":{"count":0,"created":"2015-11-10T10:09:06Z","lang":"en-US","diagnostics":{"url":[{"execution-start-time":"0","execution-stop-time":"2","execution-time":"2","proxy":"DEFAULT","content":"http://datatables.org/alltables.env"},{"execution-start-time":"3","execution-stop-time":"5","execution-time":"2","proxy":"DEFAULT","content":"http://www.datatables.org/yahoo/finance/yahoo.finance.historicaldata.xml"},{"execution-start-time":"9","execution-stop-time":"22","execution-time":"13","http-status-code":"404","http-status-message":"Not Found","proxy":"DEFAULT","content":"http://ichart.finance.yahoo.com/table.csv?a=0&b=1&e=31&g=d&c=1997&d=11&f=1997&s=HEI.DE"},{"execution-start-time":"25","execution-stop-time":"38","execution-time":"13","http-status-code":"404","http-status-message":"Not Found","proxy":"DEFAULT","content":"http://ichart.finance.yahoo.com/table.csv?a=0&b=1&e=31&g=d&c=1997&d=11&f=1997&s=HEI.DE"}],"publiclyCallable":"true","cache":[{"execution-start-time":"8","execution-stop-time":"8","execution-time":"0","method":"GET","type":"MEMCACHED","content":"9d4ace36a8822fe8180f17b79ae48999"},{"execution-start-time":"24","execution-stop-time":"24","execution-time":"0","method":"GET","type":"MEMCACHED","content":"207b3c7b37fc43da33035f338f174529"}],"query":[{"execution-start-time":"8","execution-stop-time":"24","execution-time":"16","params":"{url=[http://ichart.finance.yahoo.com/table.csv?a=0&b=1&e=31&g=d&c=1997&d=11&f=1997&s=HEI.DE]}","content":"select * from csv(0,1) where url=@url"},{"execution-start-time":"24","execution-stop-time":"38","execution-time":"14","params":"{columnsNames=[<!doctype_html public \"-//W3C//DTD HTML 4.01//EN\" \"http://www.w3.org/TR/html4/strict.dtd\">], url=[http://ichart.finance.yahoo.com/table.csv?a=0&b=1&e=31&g=d&c=1997&d=11&f=1997&s=HEI.DE]}","content":"select * from csv(2,0) where url=@url and columns=@columnsNames"}],"csv":"Column mismatch: [<!doctype_html public \"-//W3C//DTD HTML 4.01//EN\" \"http://www.w3.org/TR/html4/strict.dtd\">] vs body {font:small/1.2em arial,helvetica,clean,sans-serif;font:x-small;text-align:center;}table {font-size:inherit;font:x-small;}","javascript":{"execution-start-time":"7","execution-stop-time":"38","execution-time":"31","instructions-used":"28569","table-name":"yahoo.finance.historicaldata"},"user-time":"38","service-time":"30","build-version":"0.2.311"},"results":null}}
FRE.DE	http://query.yahooapis.com/v1/public/yql?q=select%20*%20from%20yahoo.finance.historicaldata%20where%20symbol%20in%20%28%22FRE.DE%22%29%20and%20startDate=%221997-01-01%22%20and%20endDate=%221997-12-31%22&diagnostics=true&env=http://datatables.org/alltables.env&format=json	{"query":{"count":0,"created":"2015-11-10T10:09:12Z","lang":"en-US","diagnostics":{"url":[{"execution-start-time":"0","execution-stop-time":"3","execution-time":"3","proxy":"DEFAULT","content":"http://datatables.org/alltables.env"},{"execution-start-time":"3","execution-stop-time":"5","execution-time":"2","proxy":"DEFAULT","content":"http://www.datatables.org/yahoo/finance/yahoo.finance.historicaldata.xml"},{"execution-start-time":"8","execution-stop-time":"26","execution-time":"18","http-status-code":"404","http-status-message":"Not Found","proxy":"DEFAULT","content":"http://ichart.finance.yahoo.com/table.csv?a=0&b=1&e=31&g=d&c=1997&d=11&f=1997&s=FRE.DE"},{"execution-start-time":"28","execution-stop-time":"41","execution-time":"13","http-status-code":"404","http-status-message":"Not Found","proxy":"DEFAULT","content":"http://ichart.finance.yahoo.com/table.csv?a=0&b=1&e=31&g=d&c=1997&d=11&f=1997&s=FRE.DE"}],"publiclyCallable":"true","cache":[{"execution-start-time":"8","execution-stop-time":"8","execution-time":"0","method":"GET","type":"MEMCACHED","content":"7c0c65ef9926c8f8bd7b1d851d7ae01d"},{"execution-start-time":"27","execution-stop-time":"28","execution-time":"1","method":"GET","type":"MEMCACHED","content":"e1be9ceafe950983ddcb2263795f5f27"}],"query":[{"execution-start-time":"8","execution-stop-time":"27","execution-time":"19","params":"{url=[http://ichart.finance.yahoo.com/table.csv?a=0&b=1&e=31&g=d&c=1997&d=11&f=1997&s=FRE.DE]}","content":"select * from csv(0,1) where url=@url"},{"execution-start-time":"28","execution-stop-time":"41","execution-time":"13","params":"{columnsNames=[<!doctype_html public \"-//W3C//DTD HTML 4.01//EN\" \"http://www.w3.org/TR/html4/strict.dtd\">], url=[http://ichart.finance.yahoo.com/table.csv?a=0&b=1&e=31&g=d&c=1997&d=11&f=1997&s=FRE.DE]}","content":"select * from csv(2,0) where url=@url and columns=@columnsNames"}],"csv":"Column mismatch: [<!doctype_html public \"-//W3C//DTD HTML 4.01//EN\" \"http://www.w3.org/TR/html4/strict.dtd\">] vs body {font:small/1.2em arial,helvetica,clean,sans-serif;font:x-small;text-align:center;}table {font-size:inherit;font:x-small;}","javascript":{"execution-start-time":"6","execution-stop-time":"41","execution-time":"34","instructions-used":"28569","table-name":"yahoo.finance.historicaldata"},"user-time":"41","service-time":"37","build-version":"0.2.311"},"results":null}}
CON.DE	http://query.yahooapis.com/v1/public/yql?q=select%20*%20from%20yahoo.finance.historicaldata%20where%20symbol%20in%20%28%22CON.DE%22%29%20and%20startDate=%221997-01-01%22%20and%20endDate=%221997-12-31%22&diagnostics=true&env=http://datatables.org/alltables.env&format=json	{"query":{"count":0,"created":"2015-11-10T10:09:18Z","lang":"en-US","diagnostics":{"url":[{"execution-start-time":"1","execution-stop-time":"3","execution-time":"2","proxy":"DEFAULT","content":"http://datatables.org/alltables.env"},{"execution-start-time":"3","execution-stop-time":"5","execution-time":"2","proxy":"DEFAULT","content":"http://www.datatables.org/yahoo/finance/yahoo.finance.historicaldata.xml"},{"execution-start-time":"9","execution-stop-time":"23","execution-time":"14","http-status-code":"404","http-status-message":"Not Found","proxy":"DEFAULT","content":"http://ichart.finance.yahoo.com/table.csv?a=0&b=1&e=31&g=d&c=1997&d=11&f=1997&s=CON.DE"},{"execution-start-time":"26","execution-stop-time":"39","execution-time":"13","http-status-code":"404","http-status-message":"Not Found","proxy":"DEFAULT","content":"http://ichart.finance.yahoo.com/table.csv?a=0&b=1&e=31&g=d&c=1997&d=11&f=1997&s=CON.DE"}],"publiclyCallable":"true","cache":[{"execution-start-time":"8","execution-stop-time":"8","execution-time":"0","method":"GET","type":"MEMCACHED","content":"9f381c972060465d72ad0f72004c511b"},{"execution-start-time":"25","execution-stop-time":"25","execution-time":"0","method":"GET","type":"MEMCACHED","content":"563317342d5574c71d78b333a34fca9b"}],"query":[{"execution-start-time":"8","execution-stop-time":"25","execution-time":"17","params":"{url=[http://ichart.finance.yahoo.com/table.csv?a=0&b=1&e=31&g=d&c=1997&d=11&f=1997&s=CON.DE]}","content":"select * from csv(0,1) where url=@url"},{"execution-start-time":"25","execution-stop-time":"40","execution-time":"15","params":"{columnsNames=[<!doctype_html public \"-//W3C//DTD HTML 4.01//EN\" \"http://www.w3.org/TR/html4/strict.dtd\">], url=[http://ichart.finance.yahoo.com/table.csv?a=0&b=1&e=31&g=d&c=1997&d=11&f=1997&s=CON.DE]}","content":"select * from csv(2,0) where url=@url and columns=@columnsNames"}],"csv":"Column mismatch: [<!doctype_html public \"-//W3C//DTD HTML 4.01//EN\" \"http://www.w3.org/TR/html4/strict.dtd\">] vs body {font:small/1.2em arial,helvetica,clean,sans-serif;font:x-small;text-align:center;}table {font-size:inherit;font:x-small;}","javascript":{"execution-start-time":"6","execution-stop-time":"39","execution-time":"32","instructions-used":"28569","table-name":"yahoo.finance.historicaldata"},"user-time":"40","service-time":"31","build-version":"0.2.311"},"results":null}}
FME.DE	http://query.yahooapis.com/v1/public/yql?q=select%20*%20from%20yahoo.finance.historicaldata%20where%20symbol%20in%20%28%22FME.DE%22%29%20and%20startDate=%221997-01-01%22%20and%20endDate=%221997-12-31%22&diagnostics=true&env=http://datatables.org/alltables.env&format=json	{"query":{"count":0,"created":"2015-11-10T10:09:20Z","lang":"en-US","diagnostics":{"url":[{"execution-start-time":"0","execution-stop-time":"2","execution-time":"2","proxy":"DEFAULT","content":"http://datatables.org/alltables.env"},{"execution-start-time":"2","execution-stop-time":"4","execution-time":"2","proxy":"DEFAULT","content":"http://www.datatables.org/yahoo/finance/yahoo.finance.historicaldata.xml"},{"execution-start-time":"7","execution-stop-time":"23","execution-time":"16","http-status-code":"404","http-status-message":"Not Found","proxy":"DEFAULT","content":"http://ichart.finance.yahoo.com/table.csv?a=0&b=1&e=31&g=d&c=1997&d=11&f=1997&s=FME.DE"},{"execution-start-time":"26","execution-stop-time":"39","execution-time":"13","http-status-code":"404","http-status-message":"Not Found","proxy":"DEFAULT","content":"http://ichart.finance.yahoo.com/table.csv?a=0&b=1&e=31&g=d&c=1997&d=11&f=1997&s=FME.DE"}],"publiclyCallable":"true","cache":[{"execution-start-time":"6","execution-stop-time":"7","execution-time":"1","method":"GET","type":"MEMCACHED","content":"eb63994466ba0bde05ef77e023f31fc5"},{"execution-start-time":"25","execution-stop-time":"25","execution-time":"0","method":"GET","type":"MEMCACHED","content":"b305d0015a61237e84113bd1d4f32e63"}],"query":[{"execution-start-time":"7","execution-stop-time":"24","execution-time":"17","params":"{url=[http://ichart.finance.yahoo.com/table.csv?a=0&b=1&e=31&g=d&c=1997&d=11&f=1997&s=FME.DE]}","content":"select * from csv(0,1) where url=@url"},{"execution-start-time":"25","execution-stop-time":"39","execution-time":"14","params":"{columnsNames=[<!doctype_html public \"-//W3C//DTD HTML 4.01//EN\" \"http://www.w3.org/TR/html4/strict.dtd\">], url=[http://ichart.finance.yahoo.com/table.csv?a=0&b=1&e=31&g=d&c=1997&d=11&f=1997&s=FME.DE]}","content":"select * from csv(2,0) where url=@url and columns=@columnsNames"}],"csv":"Column mismatch: [<!doctype_html public \"-//W3C//DTD HTML 4.01//EN\" \"http://www.w3.org/TR/html4/strict.dtd\">] vs body {font:small/1.2em arial,helvetica,clean,sans-serif;font:x-small;text-align:center;}table {font-size:inherit;font:x-small;}","javascript":{"execution-start-time":"6","execution-stop-time":"39","execution-time":"33","instructions-used":"28569","table-name":"yahoo.finance.historicaldata"},"user-time":"40","service-time":"34","build-version":"0.2.311"},"results":null}}
CBK.DE	http://query.yahooapis.com/v1/public/yql?q=select%20*%20from%20yahoo.finance.historicaldata%20where%20symbol%20in%20%28%22CBK.DE%22%29%20and%20startDate=%221997-01-01%22%20and%20endDate=%221997-12-31%22&diagnostics=true&env=http://datatables.org/alltables.env&format=json	{"query":{"count":0,"created":"2015-11-10T10:09:21Z","lang":"en-US","diagnostics":{"url":[{"execution-start-time":"0","execution-stop-time":"2","execution-time":"2","proxy":"DEFAULT","content":"http://datatables.org/alltables.env"},{"execution-start-time":"2","execution-stop-time":"5","execution-time":"3","proxy":"DEFAULT","content":"http://www.datatables.org/yahoo/finance/yahoo.finance.historicaldata.xml"},{"execution-start-time":"8","execution-stop-time":"24","execution-time":"16","http-status-code":"404","http-status-message":"Not Found","proxy":"DEFAULT","content":"http://ichart.finance.yahoo.com/table.csv?a=0&b=1&e=31&g=d&c=1997&d=11&f=1997&s=CBK.DE"},{"execution-start-time":"27","execution-stop-time":"41","execution-time":"14","http-status-code":"404","http-status-message":"Not Found","proxy":"DEFAULT","content":"http://ichart.finance.yahoo.com/table.csv?a=0&b=1&e=31&g=d&c=1997&d=11&f=1997&s=CBK.DE"}],"publiclyCallable":"true","cache":[{"execution-start-time":"8","execution-stop-time":"8","execution-time":"0","method":"GET","type":"MEMCACHED","content":"7e0ec0cdfb26eb87788e77d176889823"},{"execution-start-time":"26","execution-stop-time":"26","execution-time":"0","method":"GET","type":"MEMCACHED","content":"8a4d93399f1ec7128f376ab864eb7d2e"}],"query":[{"execution-start-time":"8","execution-stop-time":"26","execution-time":"18","params":"{url=[http://ichart.finance.yahoo.com/table.csv?a=0&b=1&e=31&g=d&c=1997&d=11&f=1997&s=CBK.DE]}","content":"select * from csv(0,1) where url=@url"},{"execution-start-time":"26","execution-stop-time":"41","execution-time":"15","params":"{columnsNames=[<!doctype_html public \"-//W3C//DTD HTML 4.01//EN\" \"http://www.w3.org/TR/html4/strict.dtd\">], url=[http://ichart.finance.yahoo.com/table.csv?a=0&b=1&e=31&g=d&c=1997&d=11&f=1997&s=CBK.DE]}","content":"select * from csv(2,0) where url=@url and columns=@columnsNames"}],"csv":"Column mismatch: [<!doctype_html public \"-//W3C//DTD HTML 4.01//EN\" \"http://www.w3.org/TR/html4/strict.dtd\">] vs body {font:small/1.2em arial,helvetica,clean,sans-serif;font:x-small;text-align:center;}table {font-size:inherit;font:x-small;}","javascript":{"execution-start-time":"6","execution-stop-time":"41","execution-time":"35","instructions-used":"28569","table-name":"yahoo.finance.historicaldata"},"user-time":"43","service-time":"35","build-version":"0.2.311"},"results":null}}
EOAN.DE	http://query.yahooapis.com/v1/public/yql?q=select%20*%20from%20yahoo.finance.historicaldata%20where%20symbol%20in%20%28%22EOAN.DE%22%29%20and%20startDate=%221997-01-01%22%20and%20endDate=%221997-12-31%22&diagnostics=true&env=http://datatables.org/alltables.env&format=json	{"query":{"count":0,"created":"2015-11-10T10:09:22Z","lang":"en-US","diagnostics":{"url":[{"execution-start-time":"0","execution-stop-time":"2","execution-time":"2","proxy":"DEFAULT","content":"http://datatables.org/alltables.env"},{"execution-start-time":"2","execution-stop-time":"5","execution-time":"3","proxy":"DEFAULT","content":"http://www.datatables.org/yahoo/finance/yahoo.finance.historicaldata.xml"},{"execution-start-time":"8","execution-stop-time":"21","execution-time":"13","http-status-code":"404","http-status-message":"Not Found","proxy":"DEFAULT","content":"http://ichart.finance.yahoo.com/table.csv?a=0&b=1&e=31&g=d&c=1997&d=11&f=1997&s=EOAN.DE"},{"execution-start-time":"24","execution-stop-time":"37","execution-time":"13","http-status-code":"404","http-status-message":"Not Found","proxy":"DEFAULT","content":"http://ichart.finance.yahoo.com/table.csv?a=0&b=1&e=31&g=d&c=1997&d=11&f=1997&s=EOAN.DE"}],"publiclyCallable":"true","cache":[{"execution-start-time":"7","execution-stop-time":"7","execution-time":"0","method":"GET","type":"MEMCACHED","content":"18d6c4e59b289f214837e241a55af78e"},{"execution-start-time":"23","execution-stop-time":"24","execution-time":"1","method":"GET","type":"MEMCACHED","content":"14c51c663c066895a0a38bb6007f9626"}],"query":[{"execution-start-time":"7","execution-stop-time":"23","execution-time":"16","params":"{url=[http://ichart.finance.yahoo.com/table.csv?a=0&b=1&e=31&g=d&c=1997&d=11&f=1997&s=EOAN.DE]}","content":"select * from csv(0,1) where url=@url"},{"execution-start-time":"24","execution-stop-time":"37","execution-time":"13","params":"{columnsNames=[<!doctype_html public \"-//W3C//DTD HTML 4.01//EN\" \"http://www.w3.org/TR/html4/strict.dtd\">], url=[http://ichart.finance.yahoo.com/table.csv?a=0&b=1&e=31&g=d&c=1997&d=11&f=1997&s=EOAN.DE]}","content":"select * from csv(2,0) where url=@url and columns=@columnsNames"}],"csv":"Column mismatch: [<!doctype_html public \"-//W3C//DTD HTML 4.01//EN\" \"http://www.w3.org/TR/html4/strict.dtd\">] vs body {font:small/1.2em arial,helvetica,clean,sans-serif;font:x-small;text-align:center;}table {font-size:inherit;font:x-small;}","javascript":{"execution-start-time":"6","execution-stop-time":"37","execution-time":"31","instructions-used":"28569","table-name":"yahoo.finance.historicaldata"},"user-time":"37","service-time":"32","build-version":"0.2.311"},"results":null}}
BMW.DE	http://query.yahooapis.com/v1/public/yql?q=select%20*%20from%20yahoo.finance.historicaldata%20where%20symbol%20in%20%28%22BMW.DE%22%29%20and%20startDate=%221997-01-01%22%20and%20endDate=%221997-12-31%22&diagnostics=true&env=http://datatables.org/alltables.env&format=json	{"query":{"count":0,"created":"2015-11-10T10:09:24Z","lang":"en-US","diagnostics":{"url":[{"execution-start-time":"0","execution-stop-time":"2","execution-time":"2","proxy":"DEFAULT","content":"http://datatables.org/alltables.env"},{"execution-start-time":"2","execution-stop-time":"4","execution-time":"2","proxy":"DEFAULT","content":"http://www.datatables.org/yahoo/finance/yahoo.finance.historicaldata.xml"},{"execution-start-time":"8","execution-stop-time":"21","execution-time":"13","http-status-code":"404","http-status-message":"Not Found","proxy":"DEFAULT","content":"http://ichart.finance.yahoo.com/table.csv?a=0&b=1&e=31&g=d&c=1997&d=11&f=1997&s=BMW.DE"},{"execution-start-time":"24","execution-stop-time":"37","execution-time":"13","http-status-code":"404","http-status-message":"Not Found","proxy":"DEFAULT","content":"http://ichart.finance.yahoo.com/table.csv?a=0&b=1&e=31&g=d&c=1997&d=11&f=1997&s=BMW.DE"}],"publiclyCallable":"true","cache":[{"execution-start-time":"7","execution-stop-time":"7","execution-time":"0","method":"GET","type":"MEMCACHED","content":"c61362a37d25b8862cee51de5fa69812"},{"execution-start-time":"23","execution-stop-time":"24","execution-time":"1","method":"GET","type":"MEMCACHED","content":"7341e0a9747db8fd2190698ef373bc1a"}],"query":[{"execution-start-time":"7","execution-stop-time":"23","execution-time":"16","params":"{url=[http://ichart.finance.yahoo.com/table.csv?a=0&b=1&e=31&g=d&c=1997&d=11&f=1997&s=BMW.DE]}","content":"select * from csv(0,1) where url=@url"},{"execution-start-time":"24","execution-stop-time":"37","execution-time":"13","params":"{columnsNames=[<!doctype_html public \"-//W3C//DTD HTML 4.01//EN\" \"http://www.w3.org/TR/html4/strict.dtd\">], url=[http://ichart.finance.yahoo.com/table.csv?a=0&b=1&e=31&g=d&c=1997&d=11&f=1997&s=BMW.DE]}","content":"select * from csv(2,0) where url=@url and columns=@columnsNames"}],"csv":"Column mismatch: [<!doctype_html public \"-//W3C//DTD HTML 4.01//EN\" \"http://www.w3.org/TR/html4/strict.dtd\">] vs body {font:small/1.2em arial,helvetica,clean,sans-serif;font:x-small;text-align:center;}table {font-size:inherit;font:x-small;}","javascript":{"execution-start-time":"6","execution-stop-time":"37","execution-time":"31","instructions-used":"28569","table-name":"yahoo.finance.historicaldata"},"user-time":"37","service-time":"31","build-version":"0.2.311"},"results":null}}
DTE.DE	http://query.yahooapis.com/v1/public/yql?q=select%20*%20from%20yahoo.finance.historicaldata%20where%20symbol%20in%20%28%22DTE.DE%22%29%20and%20startDate=%221997-01-01%22%20and%20endDate=%221997-12-31%22&diagnostics=true&env=http://datatables.org/alltables.env&format=json	{"query":{"count":0,"created":"2015-11-10T10:09:25Z","lang":"en-US","diagnostics":{"url":[{"execution-start-time":"1","execution-stop-time":"3","execution-time":"2","proxy":"DEFAULT","content":"http://datatables.org/alltables.env"},{"execution-start-time":"3","execution-stop-time":"5","execution-time":"2","proxy":"DEFAULT","content":"http://www.datatables.org/yahoo/finance/yahoo.finance.historicaldata.xml"},{"execution-start-time":"9","execution-stop-time":"19","execution-time":"10","http-status-code":"404","http-status-message":"Not Found","proxy":"DEFAULT","content":"http://ichart.finance.yahoo.com/table.csv?a=0&b=1&e=31&g=d&c=1997&d=11&f=1997&s=DTE.DE"},{"execution-start-time":"22","execution-stop-time":"35","execution-time":"13","http-status-code":"404","http-status-message":"Not Found","proxy":"DEFAULT","content":"http://ichart.finance.yahoo.com/table.csv?a=0&b=1&e=31&g=d&c=1997&d=11&f=1997&s=DTE.DE"}],"publiclyCallable":"true","cache":[{"execution-start-time":"8","execution-stop-time":"8","execution-time":"0","method":"GET","type":"MEMCACHED","content":"a3b4e46f8e2116df3a7b6f925c5a51a6"},{"execution-start-time":"21","execution-stop-time":"21","execution-time":"0","method":"GET","type":"MEMCACHED","content":"7b901be63b502406794336d1f06b0078"}],"query":[{"execution-start-time":"8","execution-stop-time":"21","execution-time":"13","params":"{url=[http://ichart.finance.yahoo.com/table.csv?a=0&b=1&e=31&g=d&c=1997&d=11&f=1997&s=DTE.DE]}","content":"select * from csv(0,1) where url=@url"},{"execution-start-time":"21","execution-stop-time":"35","execution-time":"14","params":"{columnsNames=[<!doctype_html public \"-//W3C//DTD HTML 4.01//EN\" \"http://www.w3.org/TR/html4/strict.dtd\">], url=[http://ichart.finance.yahoo.com/table.csv?a=0&b=1&e=31&g=d&c=1997&d=11&f=1997&s=DTE.DE]}","content":"select * from csv(2,0) where url=@url and columns=@columnsNames"}],"csv":"Column mismatch: [<!doctype_html public \"-//W3C//DTD HTML 4.01//EN\" \"http://www.w3.org/TR/html4/strict.dtd\">] vs body {font:small/1.2em arial,helvetica,clean,sans-serif;font:x-small;text-align:center;}table {font-size:inherit;font:x-small;}","javascript":{"execution-start-time":"6","execution-stop-time":"34","execution-time":"28","instructions-used":"28569","table-name":"yahoo.finance.historicaldata"},"user-time":"35","service-time":"27","build-version":"0.2.311"},"results":null}}
BEI.DE	http://query.yahooapis.com/v1/public/yql?q=select%20*%20from%20yahoo.finance.historicaldata%20where%20symbol%20in%20%28%22BEI.DE%22%29%20and%20startDate=%221997-01-01%22%20and%20endDate=%221997-12-31%22&diagnostics=true&env=http://datatables.org/alltables.env&format=json	{"query":{"count":0,"created":"2015-11-10T10:09:26Z","lang":"en-US","diagnostics":{"url":[{"execution-start-time":"0","execution-stop-time":"2","execution-time":"2","proxy":"DEFAULT","content":"http://datatables.org/alltables.env"},{"execution-start-time":"3","execution-stop-time":"5","execution-time":"2","proxy":"DEFAULT","content":"http://www.datatables.org/yahoo/finance/yahoo.finance.historicaldata.xml"},{"execution-start-time":"9","execution-stop-time":"21","execution-time":"12","http-status-code":"404","http-status-message":"Not Found","proxy":"DEFAULT","content":"http://ichart.finance.yahoo.com/table.csv?a=0&b=1&e=31&g=d&c=1997&d=11&f=1997&s=BEI.DE"},{"execution-start-time":"24","execution-stop-time":"36","execution-time":"12","http-status-code":"404","http-status-message":"Not Found","proxy":"DEFAULT","content":"http://ichart.finance.yahoo.com/table.csv?a=0&b=1&e=31&g=d&c=1997&d=11&f=1997&s=BEI.DE"}],"publiclyCallable":"true","cache":[{"execution-start-time":"8","execution-stop-time":"8","execution-time":"0","method":"GET","type":"MEMCACHED","content":"92db7522d41aec63301bb0703df1d21f"},{"execution-start-time":"23","execution-stop-time":"23","execution-time":"0","method":"GET","type":"MEMCACHED","content":"fb2937143c21cffb0ce75092324983e8"}],"query":[{"execution-start-time":"8","execution-stop-time":"23","execution-time":"15","params":"{url=[http://ichart.finance.yahoo.com/table.csv?a=0&b=1&e=31&g=d&c=1997&d=11&f=1997&s=BEI.DE]}","content":"select * from csv(0,1) where url=@url"},{"execution-start-time":"23","execution-stop-time":"37","execution-time":"14","params":"{columnsNames=[<!doctype_html public \"-//W3C//DTD HTML 4.01//EN\" \"http://www.w3.org/TR/html4/strict.dtd\">], url=[http://ichart.finance.yahoo.com/table.csv?a=0&b=1&e=31&g=d&c=1997&d=11&f=1997&s=BEI.DE]}","content":"select * from csv(2,0) where url=@url and columns=@columnsNames"}],"csv":"Column mismatch: [<!doctype_html public \"-//W3C//DTD HTML 4.01//EN\" \"http://www.w3.org/TR/html4/strict.dtd\">] vs body {font:small/1.2em arial,helvetica,clean,sans-serif;font:x-small;text-align:center;}table {font-size:inherit;font:x-small;}","javascript":{"execution-start-time":"7","execution-stop-time":"37","execution-time":"29","instructions-used":"28569","table-name":"yahoo.finance.historicaldata"},"user-time":"37","service-time":"28","build-version":"0.2.311"},"results":null}}
DPW.DE	http://query.yahooapis.com/v1/public/yql?q=select%20*%20from%20yahoo.finance.historicaldata%20where%20symbol%20in%20%28%22DPW.DE%22%29%20and%20startDate=%221997-01-01%22%20and%20endDate=%221997-12-31%22&diagnostics=true&env=http://datatables.org/alltables.env&format=json	{"query":{"count":0,"created":"2015-11-10T10:09:27Z","lang":"en-US","diagnostics":{"url":[{"execution-start-time":"0","execution-stop-time":"3","execution-time":"3","proxy":"DEFAULT","content":"http://datatables.org/alltables.env"},{"execution-start-time":"3","execution-stop-time":"5","execution-time":"2","proxy":"DEFAULT","content":"http://www.datatables.org/yahoo/finance/yahoo.finance.historicaldata.xml"},{"execution-start-time":"7","execution-stop-time":"22","execution-time":"15","http-status-code":"404","http-status-message":"Not Found","proxy":"DEFAULT","content":"http://ichart.finance.yahoo.com/table.csv?a=0&b=1&e=31&g=d&c=1997&d=11&f=1997&s=DPW.DE"},{"execution-start-time":"24","execution-stop-time":"37","execution-time":"13","http-status-code":"404","http-status-message":"Not Found","proxy":"DEFAULT","content":"http://ichart.finance.yahoo.com/table.csv?a=0&b=1&e=31&g=d&c=1997&d=11&f=1997&s=DPW.DE"}],"publiclyCallable":"true","cache":[{"execution-start-time":"6","execution-stop-time":"7","execution-time":"1","method":"GET","type":"MEMCACHED","content":"1a13c3e85828548656bb7a6ee4c121cc"},{"execution-start-time":"23","execution-stop-time":"23","execution-time":"0","method":"GET","type":"MEMCACHED","content":"b22470e9c10060e7ce3acd2d1d4e8e16"}],"query":[{"execution-start-time":"7","execution-stop-time":"23","execution-time":"16","params":"{url=[http://ichart.finance.yahoo.com/table.csv?a=0&b=1&e=31&g=d&c=1997&d=11&f=1997&s=DPW.DE]}","content":"select * from csv(0,1) where url=@url"},{"execution-start-time":"23","execution-stop-time":"37","execution-time":"14","params":"{columnsNames=[<!doctype_html public \"-//W3C//DTD HTML 4.01//EN\" \"http://www.w3.org/TR/html4/strict.dtd\">], url=[http://ichart.finance.yahoo.com/table.csv?a=0&b=1&e=31&g=d&c=1997&d=11&f=1997&s=DPW.DE]}","content":"select * from csv(2,0) where url=@url and columns=@columnsNames"}],"csv":"Column mismatch: [<!doctype_html public \"-//W3C//DTD HTML 4.01//EN\" \"http://www.w3.org/TR/html4/strict.dtd\">] vs body {font:small/1.2em arial,helvetica,clean,sans-serif;font:x-small;text-align:center;}table {font-size:inherit;font:x-small;}","javascript":{"execution-start-time":"5","execution-stop-time":"37","execution-time":"31","instructions-used":"28569","table-name":"yahoo.finance.historicaldata"},"user-time":"37","service-time":"34","build-version":"0.2.311"},"results":null}}
BAYN.DE	http://query.yahooapis.com/v1/public/yql?q=select%20*%20from%20yahoo.finance.historicaldata%20where%20symbol%20in%20%28%22BAYN.DE%22%29%20and%20startDate=%221997-01-01%22%20and%20endDate=%221997-12-31%22&diagnostics=true&env=http://datatables.org/alltables.env&format=json	{"query":{"count":0,"created":"2015-11-10T10:09:28Z","lang":"en-US","diagnostics":{"url":[{"execution-start-time":"0","execution-stop-time":"2","execution-time":"2","proxy":"DEFAULT","content":"http://datatables.org/alltables.env"},{"execution-start-time":"2","execution-stop-time":"4","execution-time":"2","proxy":"DEFAULT","content":"http://www.datatables.org/yahoo/finance/yahoo.finance.historicaldata.xml"},{"execution-start-time":"7","execution-stop-time":"21","execution-time":"14","http-status-code":"404","http-status-message":"Not Found","proxy":"DEFAULT","content":"http://ichart.finance.yahoo.com/table.csv?a=0&b=1&e=31&g=d&c=1997&d=11&f=1997&s=BAYN.DE"},{"execution-start-time":"25","execution-stop-time":"39","execution-time":"14","http-status-code":"404","http-status-message":"Not Found","proxy":"DEFAULT","content":"http://ichart.finance.yahoo.com/table.csv?a=0&b=1&e=31&g=d&c=1997&d=11&f=1997&s=BAYN.DE"}],"publiclyCallable":"true","cache":[{"execution-start-time":"6","execution-stop-time":"7","execution-time":"1","method":"GET","type":"MEMCACHED","content":"8c11008ad7cda6ad7b97ebce414d172b"},{"execution-start-time":"24","execution-stop-time":"24","execution-time":"0","method":"GET","type":"MEMCACHED","content":"572d0e44c9f1700e06a7b8fda7f73ef6"}],"query":[{"execution-start-time":"7","execution-stop-time":"23","execution-time":"16","params":"{url=[http://ichart.finance.yahoo.com/table.csv?a=0&b=1&e=31&g=d&c=1997&d=11&f=1997&s=BAYN.DE]}","content":"select * from csv(0,1) where url=@url"},{"execution-start-time":"24","execution-stop-time":"40","execution-time":"16","params":"{columnsNames=[<!doctype_html public \"-//W3C//DTD HTML 4.01//EN\" \"http://www.w3.org/TR/html4/strict.dtd\">], url=[http://ichart.finance.yahoo.com/table.csv?a=0&b=1&e=31&g=d&c=1997&d=11&f=1997&s=BAYN.DE]}","content":"select * from csv(2,0) where url=@url and columns=@columnsNames"}],"csv":"Column mismatch: [<!doctype_html public \"-//W3C//DTD HTML 4.01//EN\" \"http://www.w3.org/TR/html4/strict.dtd\">] vs body {font:small/1.2em arial,helvetica,clean,sans-serif;font:x-small;text-align:center;}table {font-size:inherit;font:x-small;}","javascript":{"execution-start-time":"5","execution-stop-time":"40","execution-time":"34","instructions-used":"28569","table-name":"yahoo.finance.historicaldata"},"user-time":"40","service-time":"33","build-version":"0.2.311"},"results":null}}
BAS.DE	http://query.yahooapis.com/v1/public/yql?q=select%20*%20from%20yahoo.finance.historicaldata%20where%20symbol%20in%20%28%22BAS.DE%22%29%20and%20startDate=%221997-01-01%22%20and%20endDate=%221997-12-31%22&diagnostics=true&env=http://datatables.org/alltables.env&format=json	{"query":{"count":0,"created":"2015-11-10T10:09:28Z","lang":"en-US","diagnostics":{"url":[{"execution-start-time":"1","execution-stop-time":"3","execution-time":"2","proxy":"DEFAULT","content":"http://datatables.org/alltables.env"},{"execution-start-time":"3","execution-stop-time":"5","execution-time":"2","proxy":"DEFAULT","content":"http://www.datatables.org/yahoo/finance/yahoo.finance.historicaldata.xml"},{"execution-start-time":"9","execution-stop-time":"22","execution-time":"13","http-status-code":"404","http-status-message":"Not Found","proxy":"DEFAULT","content":"http://ichart.finance.yahoo.com/table.csv?a=0&b=1&e=31&g=d&c=1997&d=11&f=1997&s=BAS.DE"},{"execution-start-time":"24","execution-stop-time":"37","execution-time":"13","http-status-code":"404","http-status-message":"Not Found","proxy":"DEFAULT","content":"http://ichart.finance.yahoo.com/table.csv?a=0&b=1&e=31&g=d&c=1997&d=11&f=1997&s=BAS.DE"}],"publiclyCallable":"true","cache":[{"execution-start-time":"8","execution-stop-time":"8","execution-time":"0","method":"GET","type":"MEMCACHED","content":"6033e5a81af3d4716ff853ee3f83e0d2"},{"execution-start-time":"23","execution-stop-time":"24","execution-time":"1","method":"GET","type":"MEMCACHED","content":"f0b4099a384c3f66ec52e11482125532"}],"query":[{"execution-start-time":"8","execution-stop-time":"23","execution-time":"15","params":"{url=[http://ichart.finance.yahoo.com/table.csv?a=0&b=1&e=31&g=d&c=1997&d=11&f=1997&s=BAS.DE]}","content":"select * from csv(0,1) where url=@url"},{"execution-start-time":"24","execution-stop-time":"38","execution-time":"14","params":"{columnsNames=[<!doctype_html public \"-//W3C//DTD HTML 4.01//EN\" \"http://www.w3.org/TR/html4/strict.dtd\">], url=[http://ichart.finance.yahoo.com/table.csv?a=0&b=1&e=31&g=d&c=1997&d=11&f=1997&s=BAS.DE]}","content":"select * from csv(2,0) where url=@url and columns=@columnsNames"}],"csv":"Column mismatch: [<!doctype_html public \"-//W3C//DTD HTML 4.01//EN\" \"http://www.w3.org/TR/html4/strict.dtd\">] vs body {font:small/1.2em arial,helvetica,clean,sans-serif;font:x-small;text-align:center;}table {font-size:inherit;font:x-small;}","javascript":{"execution-start-time":"6","execution-stop-time":"37","execution-time":"31","instructions-used":"28569","table-name":"yahoo.finance.historicaldata"},"user-time":"38","service-time":"31","build-version":"0.2.311"},"results":null}}
DBK.DE	http://query.yahooapis.com/v1/public/yql?q=select%20*%20from%20yahoo.finance.historicaldata%20where%20symbol%20in%20%28%22DBK.DE%22%29%20and%20startDate=%221997-01-01%22%20and%20endDate=%221997-12-31%22&diagnostics=true&env=http://datatables.org/alltables.env&format=json	{"query":{"count":0,"created":"2015-11-10T10:09:29Z","lang":"en-US","diagnostics":{"url":[{"execution-start-time":"0","execution-stop-time":"2","execution-time":"2","proxy":"DEFAULT","content":"http://datatables.org/alltables.env"},{"execution-start-time":"3","execution-stop-time":"5","execution-time":"2","proxy":"DEFAULT","content":"http://www.datatables.org/yahoo/finance/yahoo.finance.historicaldata.xml"},{"execution-start-time":"10","execution-stop-time":"24","execution-time":"14","http-status-code":"404","http-status-message":"Not Found","proxy":"DEFAULT","content":"http://ichart.finance.yahoo.com/table.csv?a=0&b=1&e=31&g=d&c=1997&d=11&f=1997&s=DBK.DE"},{"execution-start-time":"28","execution-stop-time":"41","execution-time":"13","http-status-code":"404","http-status-message":"Not Found","proxy":"DEFAULT","content":"http://ichart.finance.yahoo.com/table.csv?a=0&b=1&e=31&g=d&c=1997&d=11&f=1997&s=DBK.DE"}],"publiclyCallable":"true","cache":[{"execution-start-time":"9","execution-stop-time":"9","execution-time":"0","method":"GET","type":"MEMCACHED","content":"61d088865b47cffb50128f5b961571f5"},{"execution-start-time":"27","execution-stop-time":"27","execution-time":"0","method":"GET","type":"MEMCACHED","content":"7a6c70795c5aed4024bb262538436a5d"}],"query":[{"execution-start-time":"10","execution-stop-time":"27","execution-time":"17","params":"{url=[http://ichart.finance.yahoo.com/table.csv?a=0&b=1&e=31&g=d&c=1997&d=11&f=1997&s=DBK.DE]}","content":"select * from csv(0,1) where url=@url"},{"execution-start-time":"27","execution-stop-time":"42","execution-time":"15","params":"{columnsNames=[<!doctype_html public \"-//W3C//DTD HTML 4.01//EN\" \"http://www.w3.org/TR/html4/strict.dtd\">], url=[http://ichart.finance.yahoo.com/table.csv?a=0&b=1&e=31&g=d&c=1997&d=11&f=1997&s=DBK.DE]}","content":"select * from csv(2,0) where url=@url and columns=@columnsNames"}],"csv":"Column mismatch: [<!doctype_html public \"-//W3C//DTD HTML 4.01//EN\" \"http://www.w3.org/TR/html4/strict.dtd\">] vs body {font:small/1.2em arial,helvetica,clean,sans-serif;font:x-small;text-align:center;}table {font-size:inherit;font:x-small;}","javascript":{"execution-start-time":"7","execution-stop-time":"42","execution-time":"34","instructions-used":"28569","table-name":"yahoo.finance.historicaldata"},"user-time":"42","service-time":"31","build-version":"0.2.311"},"results":null}}
ALV.DE	http://query.yahooapis.com/v1/public/yql?q=select%20*%20from%20yahoo.finance.historicaldata%20where%20symbol%20in%20%28%22ALV.DE%22%29%20and%20startDate=%221997-01-01%22%20and%20endDate=%221997-12-31%22&diagnostics=true&env=http://datatables.org/alltables.env&format=json	{"query":{"count":0,"created":"2015-11-10T10:09:31Z","lang":"en-US","diagnostics":{"url":[{"execution-start-time":"0","execution-stop-time":"2","execution-time":"2","proxy":"DEFAULT","content":"http://datatables.org/alltables.env"},{"execution-start-time":"2","execution-stop-time":"4","execution-time":"2","proxy":"DEFAULT","content":"http://www.datatables.org/yahoo/finance/yahoo.finance.historicaldata.xml"},{"execution-start-time":"8","execution-stop-time":"22","execution-time":"14","http-status-code":"404","http-status-message":"Not Found","proxy":"DEFAULT","content":"http://ichart.finance.yahoo.com/table.csv?a=0&b=1&e=31&g=d&c=1997&d=11&f=1997&s=ALV.DE"},{"execution-start-time":"27","execution-stop-time":"40","execution-time":"13","http-status-code":"404","http-status-message":"Not Found","proxy":"DEFAULT","content":"http://ichart.finance.yahoo.com/table.csv?a=0&b=1&e=31&g=d&c=1997&d=11&f=1997&s=ALV.DE"}],"publiclyCallable":"true","cache":[{"execution-start-time":"8","execution-stop-time":"8","execution-time":"0","method":"GET","type":"MEMCACHED","content":"83fd0e4329a0fb0501a5a0b54e9f5ed3"},{"execution-start-time":"25","execution-stop-time":"25","execution-time":"0","method":"GET","type":"MEMCACHED","content":"92405dffe66cf8f7f75cbc349ea0a53e"}],"query":[{"execution-start-time":"8","execution-stop-time":"25","execution-time":"17","params":"{url=[http://ichart.finance.yahoo.com/table.csv?a=0&b=1&e=31&g=d&c=1997&d=11&f=1997&s=ALV.DE]}","content":"select * from csv(0,1) where url=@url"},{"execution-start-time":"26","execution-stop-time":"40","execution-time":"14","params":"{columnsNames=[<!doctype_html public \"-//W3C//DTD HTML 4.01//EN\" \"http://www.w3.org/TR/html4/strict.dtd\">], url=[http://ichart.finance.yahoo.com/table.csv?a=0&b=1&e=31&g=d&c=1997&d=11&f=1997&s=ALV.DE]}","content":"select * from csv(2,0) where url=@url and columns=@columnsNames"}],"csv":"Column mismatch: [<!doctype_html public \"-//W3C//DTD HTML 4.01//EN\" \"http://www.w3.org/TR/html4/strict.dtd\">] vs body {font:small/1.2em arial,helvetica,clean,sans-serif;font:x-small;text-align:center;}table {font-size:inherit;font:x-small;}","javascript":{"execution-start-time":"7","execution-stop-time":"40","execution-time":"33","instructions-used":"28569","table-name":"yahoo.finance.historicaldata"},"user-time":"41","service-time":"31","build-version":"0.2.311"},"results":null}}
DB1.DE	http://query.yahooapis.com/v1/public/yql?q=select%20*%20from%20yahoo.finance.historicaldata%20where%20symbol%20in%20%28%22DB1.DE%22%29%20and%20startDate=%221997-01-01%22%20and%20endDate=%221997-12-31%22&diagnostics=true&env=http://datatables.org/alltables.env&format=json	{"query":{"count":0,"created":"2015-11-10T10:09:31Z","lang":"en-US","diagnostics":{"url":[{"execution-start-time":"1","execution-stop-time":"2","execution-time":"1","proxy":"DEFAULT","content":"http://datatables.org/alltables.env"},{"execution-start-time":"3","execution-stop-time":"5","execution-time":"2","proxy":"DEFAULT","content":"http://www.datatables.org/yahoo/finance/yahoo.finance.historicaldata.xml"},{"execution-start-time":"9","execution-stop-time":"26","execution-time":"17","http-status-code":"404","http-status-message":"Not Found","proxy":"DEFAULT","content":"http://ichart.finance.yahoo.com/table.csv?a=0&b=1&e=31&g=d&c=1997&d=11&f=1997&s=DB1.DE"},{"execution-start-time":"29","execution-stop-time":"41","execution-time":"12","http-status-code":"404","http-status-message":"Not Found","proxy":"DEFAULT","content":"http://ichart.finance.yahoo.com/table.csv?a=0&b=1&e=31&g=d&c=1997&d=11&f=1997&s=DB1.DE"}],"publiclyCallable":"true","cache":[{"execution-start-time":"8","execution-stop-time":"8","execution-time":"0","method":"GET","type":"MEMCACHED","content":"3f371111ecfe64eb57174142d1212571"},{"execution-start-time":"28","execution-stop-time":"28","execution-time":"0","method":"GET","type":"MEMCACHED","content":"a4dcb61f5b8cd74b66fc3746cecea2bc"}],"query":[{"execution-start-time":"8","execution-stop-time":"27","execution-time":"19","params":"{url=[http://ichart.finance.yahoo.com/table.csv?a=0&b=1&e=31&g=d&c=1997&d=11&f=1997&s=DB1.DE]}","content":"select * from csv(0,1) where url=@url"},{"execution-start-time":"28","execution-stop-time":"41","execution-time":"13","params":"{columnsNames=[<!doctype_html public \"-//W3C//DTD HTML 4.01//EN\" \"http://www.w3.org/TR/html4/strict.dtd\">], url=[http://ichart.finance.yahoo.com/table.csv?a=0&b=1&e=31&g=d&c=1997&d=11&f=1997&s=DB1.DE]}","content":"select * from csv(2,0) where url=@url and columns=@columnsNames"}],"csv":"Column mismatch: [<!doctype_html public \"-//W3C//DTD HTML 4.01//EN\" \"http://www.w3.org/TR/html4/strict.dtd\">] vs body {font:small/1.2em arial,helvetica,clean,sans-serif;font:x-small;text-align:center;}table {font-size:inherit;font:x-small;}","javascript":{"execution-start-time":"6","execution-stop-time":"41","execution-time":"34","instructions-used":"28569","table-name":"yahoo.finance.historicaldata"},"user-time":"42","service-time":"32","build-version":"0.2.311"},"results":null}}
ADS.DE	http://query.yahooapis.com/v1/public/yql?q=select%20*%20from%20yahoo.finance.historicaldata%20where%20symbol%20in%20%28%22ADS.DE%22%29%20and%20startDate=%221997-01-01%22%20and%20endDate=%221997-12-31%22&diagnostics=true&env=http://datatables.org/alltables.env&format=json	{"query":{"count":0,"created":"2015-11-10T10:09:32Z","lang":"en-US","diagnostics":{"url":[{"execution-start-time":"0","execution-stop-time":"3","execution-time":"3","proxy":"DEFAULT","content":"http://datatables.org/alltables.env"},{"execution-start-time":"3","execution-stop-time":"5","execution-time":"2","proxy":"DEFAULT","content":"http://www.datatables.org/yahoo/finance/yahoo.finance.historicaldata.xml"},{"execution-start-time":"9","execution-stop-time":"41","execution-time":"32","http-status-code":"404","http-status-message":"Not Found","proxy":"DEFAULT","content":"http://ichart.finance.yahoo.com/table.csv?a=0&b=1&e=31&g=d&c=1997&d=11&f=1997&s=ADS.DE"},{"execution-start-time":"45","execution-stop-time":"58","execution-time":"13","http-status-code":"404","http-status-message":"Not Found","proxy":"DEFAULT","content":"http://ichart.finance.yahoo.com/table.csv?a=0&b=1&e=31&g=d&c=1997&d=11&f=1997&s=ADS.DE"}],"publiclyCallable":"true","cache":[{"execution-start-time":"8","execution-stop-time":"8","execution-time":"0","method":"GET","type":"MEMCACHED","content":"cfd41a8fe0e61e783a4fe293d851c0fe"},{"execution-start-time":"43","execution-stop-time":"44","execution-time":"1","method":"GET","type":"MEMCACHED","content":"35ff4de088d78ee29327ae38d6af2ebf"}],"query":[{"execution-start-time":"8","execution-stop-time":"43","execution-time":"35","params":"{url=[http://ichart.finance.yahoo.com/table.csv?a=0&b=1&e=31&g=d&c=1997&d=11&f=1997&s=ADS.DE]}","content":"select * from csv(0,1) where url=@url"},{"execution-start-time":"44","execution-stop-time":"58","execution-time":"14","params":"{columnsNames=[<!doctype_html public \"-//W3C//DTD HTML 4.01//EN\" \"http://www.w3.org/TR/html4/strict.dtd\">], url=[http://ichart.finance.yahoo.com/table.csv?a=0&b=1&e=31&g=d&c=1997&d=11&f=1997&s=ADS.DE]}","content":"select * from csv(2,0) where url=@url and columns=@columnsNames"}],"csv":"Column mismatch: [<!doctype_html public \"-//W3C//DTD HTML 4.01//EN\" \"http://www.w3.org/TR/html4/strict.dtd\">] vs body {font:small/1.2em arial,helvetica,clean,sans-serif;font:x-small;text-align:center;}table {font-size:inherit;font:x-small;}","javascript":{"execution-start-time":"6","execution-stop-time":"58","execution-time":"51","instructions-used":"28569","table-name":"yahoo.finance.historicaldata"},"user-time":"59","service-time":"51","build-version":"0.2.311"},"results":null}}
DAI.DE	http://query.yahooapis.com/v1/public/yql?q=select%20*%20from%20yahoo.finance.historicaldata%20where%20symbol%20in%20%28%22DAI.DE%22%29%20and%20startDate=%221997-01-01%22%20and%20endDate=%221997-12-31%22&diagnostics=true&env=http://datatables.org/alltables.env&format=json	{"query":{"count":0,"created":"2015-11-10T10:09:33Z","lang":"en-US","diagnostics":{"url":[{"execution-start-time":"0","execution-stop-time":"2","execution-time":"2","proxy":"DEFAULT","content":"http://datatables.org/alltables.env"},{"execution-start-time":"3","execution-stop-time":"5","execution-time":"2","proxy":"DEFAULT","content":"http://www.datatables.org/yahoo/finance/yahoo.finance.historicaldata.xml"},{"execution-start-time":"9","execution-stop-time":"21","execution-time":"12","http-status-code":"404","http-status-message":"Not Found","proxy":"DEFAULT","content":"http://ichart.finance.yahoo.com/table.csv?a=0&b=1&e=31&g=d&c=1997&d=11&f=1997&s=DAI.DE"},{"execution-start-time":"24","execution-stop-time":"38","execution-time":"14","http-status-code":"404","http-status-message":"Not Found","proxy":"DEFAULT","content":"http://ichart.finance.yahoo.com/table.csv?a=0&b=1&e=31&g=d&c=1997&d=11&f=1997&s=DAI.DE"}],"publiclyCallable":"true","cache":[{"execution-start-time":"8","execution-stop-time":"8","execution-time":"0","method":"GET","type":"MEMCACHED","content":"9349822b6552f38954ffbd68ef634628"},{"execution-start-time":"23","execution-stop-time":"23","execution-time":"0","method":"GET","type":"MEMCACHED","content":"99d1735b6c7a37f8d88d5f6e7c9f32c7"}],"query":[{"execution-start-time":"8","execution-stop-time":"23","execution-time":"15","params":"{url=[http://ichart.finance.yahoo.com/table.csv?a=0&b=1&e=31&g=d&c=1997&d=11&f=1997&s=DAI.DE]}","content":"select * from csv(0,1) where url=@url"},{"execution-start-time":"23","execution-stop-time":"38","execution-time":"15","params":"{columnsNames=[<!doctype_html public \"-//W3C//DTD HTML 4.01//EN\" \"http://www.w3.org/TR/html4/strict.dtd\">], url=[http://ichart.finance.yahoo.com/table.csv?a=0&b=1&e=31&g=d&c=1997&d=11&f=1997&s=DAI.DE]}","content":"select * from csv(2,0) where url=@url and columns=@columnsNames"}],"csv":"Column mismatch: [<!doctype_html public \"-//W3C//DTD HTML 4.01//EN\" \"http://www.w3.org/TR/html4/strict.dtd\">] vs body {font:small/1.2em arial,helvetica,clean,sans-serif;font:x-small;text-align:center;}table {font-size:inherit;font:x-small;}","javascript":{"execution-start-time":"6","execution-stop-time":"38","execution-time":"31","instructions-used":"28569","table-name":"yahoo.finance.historicaldata"},"user-time":"38","service-time":"30","build-version":"0.2.311"},"results":null}}
DAX	http://query.yahooapis.com/v1/public/yql?q=select%20*%20from%20yahoo.finance.historicaldata%20where%20symbol%20in%20%28%22DAX%22%29%20and%20startDate=%221997-01-01%22%20and%20endDate=%221997-12-31%22&diagnostics=true&env=http://datatables.org/alltables.env&format=json	{"query":{"count":0,"created":"2015-11-10T10:09:33Z","lang":"en-US","diagnostics":{"url":[{"execution-start-time":"0","execution-stop-time":"2","execution-time":"2","proxy":"DEFAULT","content":"http://datatables.org/alltables.env"},{"execution-start-time":"3","execution-stop-time":"5","execution-time":"2","proxy":"DEFAULT","content":"http://www.datatables.org/yahoo/finance/yahoo.finance.historicaldata.xml"},{"execution-start-time":"9","execution-stop-time":"18","execution-time":"9","http-status-code":"404","http-status-message":"Not Found","proxy":"DEFAULT","content":"http://ichart.finance.yahoo.com/table.csv?a=0&b=1&e=31&g=d&c=1997&d=11&f=1997&s=DAX"},{"execution-start-time":"21","execution-stop-time":"29","execution-time":"8","http-status-code":"404","http-status-message":"Not Found","proxy":"DEFAULT","content":"http://ichart.finance.yahoo.com/table.csv?a=0&b=1&e=31&g=d&c=1997&d=11&f=1997&s=DAX"}],"publiclyCallable":"true","cache":[{"execution-start-time":"8","execution-stop-time":"9","execution-time":"1","method":"GET","type":"MEMCACHED","content":"187541d637af25164a34faed0266b49f"},{"execution-start-time":"20","execution-stop-time":"20","execution-time":"0","method":"GET","type":"MEMCACHED","content":"b74a994c1de4a581df7fb6c0eb6aa96f"}],"query":[{"execution-start-time":"9","execution-stop-time":"20","execution-time":"11","params":"{url=[http://ichart.finance.yahoo.com/table.csv?a=0&b=1&e=31&g=d&c=1997&d=11&f=1997&s=DAX]}","content":"select * from csv(0,1) where url=@url"},{"execution-start-time":"20","execution-stop-time":"29","execution-time":"9","params":"{columnsNames=[<!doctype_html public \"-//W3C//DTD HTML 4.01//EN\" \"http://www.w3.org/TR/html4/strict.dtd\">], url=[http://ichart.finance.yahoo.com/table.csv?a=0&b=1&e=31&g=d&c=1997&d=11&f=1997&s=DAX]}","content":"select * from csv(2,0) where url=@url and columns=@columnsNames"}],"csv":"Column mismatch: [<!doctype_html public \"-//W3C//DTD HTML 4.01//EN\" \"http://www.w3.org/TR/html4/strict.dtd\">] vs body {font:small/1.2em arial,helvetica,clean,sans-serif;font:x-small;text-align:center;}table {font-size:inherit;font:x-small;}","javascript":{"execution-start-time":"7","execution-stop-time":"29","execution-time":"22","instructions-used":"28569","table-name":"yahoo.finance.historicaldata"},"user-time":"30","service-time":"22","build-version":"0.2.311"},"results":null}}
